<?xml version="1.0" encoding="UTF-8" ?>
<!DOCTYPE configuration
  PUBLIC "-//mybatis.org//DTD Config 3.0//EN"
  "http://mybatis.org/dtd/mybatis-3-config.dtd">

<configuration>
  <settings>
    <setting name="defaultStatementTimeout" value="40"/>
    <setting name="callSettersOnNulls" value="true"/>
  </settings>
  <environments default="centest">
    <environment id="centest">
      <transactionManager type="JDBC"/>
      <dataSource type="POOLED">
        <property name="driver"
          value="oracle.jdbc.driver.OracleDriver"/>
        <property name="url"
          value="jdbc:oracle:thin:@//sdbahpocm01-db.agriculture.gov.ie:1532/CENTEST.agriculture.gov.ie"/>
        <property name="username" value="agsch_data"/>
        <property name="password" value="agsch_data"/>
      </dataSource>
    </environment>
    <environment id="dev">
      <transactionManager type="JDBC"/>
      <dataSource type="POOLED">
        <property name="driver"
          value="oracle.jdbc.driver.OracleDriver"/>
        <property name="url"
          value="jdbc:oracle:thin:@//sdbahpocm01-db.agriculture.gov.ie:1532/DEVC.agriculture.gov.ie"/>
        <property name="username" value="agsch_data"/>
        <property name="password" value="agsch_data"/>
      </dataSource>
    </environment>
    <environment id="uat">
      <transactionManager type="JDBC"/>
      <dataSource type="POOLED">
        <property name="driver"
          value="oracle.jdbc.driver.OracleDriver"/>
        <property name="url"
          value="jdbc:oracle:thin:@//sdbahpocm01-db.agriculture.gov.ie:1532/UATC.agriculture.gov.ie"/>
        <property name="username" value="agsch_data"/>
        <property name="password" value="agsch_data"/>
      </dataSource>
    </environment>
  </environments>
  <mappers>
    <mapper resource="XmlMappers/TDAS_APPLICATIONSMapper.xml"/>
    <mapper resource="XmlMappers/TDAS_APPLICATIONS_NITRATESMapper.xml"/>
    <mapper resource="XmlMappers/TSAS_STATUSMapper.xml"/>
    <mapper resource="XmlMappers/TDAG_NITRATESMapper.xml"/>
    <mapper resource="XmlMappers/VWCO_AGSCH_BUSINESS_CUSTOMERSMapper.xml"/>
    <mapper resource="XmlMappers/TDAS_APPLICATIONS_UNDER_QUERYMapper.xml"/>
    <mapper resource="XmlMappers/TDAS_APPLICATIONS_TRACKINGMapper.xml"/>
    <mapper resource="XmlMappers/TDAS_DOCUMENTSMapper.xml"/>
    <mapper resource="XmlMappers/TSAS_APPLICATIONS_TYPEMapper.xml"/>
  </mappers>
</configuration>