<?xml version="1.0" encoding="UTF-8"?>
<!DOCTYPE mapper PUBLIC "-//mybatis.org//DTD Mapper 3.0//EN" "http://mybatis.org/dtd/mybatis-3-mapper.dtd">
<mapper namespace="ie.gov.agriculture.agschemes.dao.TDAG_NITRATESMapper">
  <resultMap id="BaseResultMap" type="ie.gov.agriculture.agschemes.dao.TDAG_NITRATES">
    <!--
      WARNING - @mbg.generated
      This element is automatically generated by MyBatis Generator, do not modify.
      This element was generated on Tue Mar 16 17:24:17 GMT 2021.
    -->
    <id column="NTR_ID" jdbcType="DECIMAL" property="NTR_ID" />
    <result column="NTR_CLIENT_ID" jdbcType="VARCHAR" property="NTR_CLIENT_ID" />
    <result column="NTR_NITRATES" jdbcType="DECIMAL" property="NTR_NITRATES" />
    <result column="NTR_PHOSPHATES" jdbcType="DECIMAL" property="NTR_PHOSPHATES" />
    <result column="NTR_LAND" jdbcType="DECIMAL" property="NTR_LAND" />
    <result column="NTR_NPH" jdbcType="DECIMAL" property="NTR_NPH" />
    <result column="NTR_NITRATES_YEAR" jdbcType="DECIMAL" property="NTR_NITRATES_YEAR" />
    <result column="NTR_PERIOD_FROM" jdbcType="TIMESTAMP" property="NTR_PERIOD_FROM" />
    <result column="NTR_PERIOD_TO" jdbcType="TIMESTAMP" property="NTR_PERIOD_TO" />
    <result column="NTR_AUDIT_USER" jdbcType="VARCHAR" property="NTR_AUDIT_USER" />
    <result column="NTR_AUDIT_DATE" jdbcType="TIMESTAMP" property="NTR_AUDIT_DATE" />
    <result column="NTR_AUDIT_ACTION" jdbcType="VARCHAR" property="NTR_AUDIT_ACTION" />
    <result column="NTR_AUDIT_LOCATION" jdbcType="VARCHAR" property="NTR_AUDIT_LOCATION" />
    <result column="NTR_VER_NUM" jdbcType="DECIMAL" property="NTR_VER_NUM" />
    <result column="NTR_DAIRY_DAYS" jdbcType="DECIMAL" property="NTR_DAIRY_DAYS" />
    <result column="NTR_SUCKLER_DAYS" jdbcType="DECIMAL" property="NTR_SUCKLER_DAYS" />
    <result column="NTR_UNDER_ONE_YEAR_DAYS" jdbcType="DECIMAL" property="NTR_UNDER_ONE_YEAR_DAYS" />
    <result column="NTR_ONE_TO_TWO_YEAR_DAYS" jdbcType="DECIMAL" property="NTR_ONE_TO_TWO_YEAR_DAYS" />
    <result column="NTR_OVER_TWO_YEAR_DAYS" jdbcType="DECIMAL" property="NTR_OVER_TWO_YEAR_DAYS" />
  </resultMap>
  <sql id="Example_Where_Clause">
    <!--
      WARNING - @mbg.generated
      This element is automatically generated by MyBatis Generator, do not modify.
      This element was generated on Tue Mar 16 17:24:17 GMT 2021.
    -->
    <where>
      <foreach collection="oredCriteria" item="criteria" separator="or">
        <if test="criteria.valid">
          <trim prefix="(" prefixOverrides="and" suffix=")">
            <foreach collection="criteria.criteria" item="criterion">
              <choose>
                <when test="criterion.noValue">
                  and ${criterion.condition}
                </when>
                <when test="criterion.singleValue">
                  and ${criterion.condition} #{criterion.value}
                </when>
                <when test="criterion.betweenValue">
                  and ${criterion.condition} #{criterion.value} and #{criterion.secondValue}
                </when>
                <when test="criterion.listValue">
                  and ${criterion.condition}
                  <foreach close=")" collection="criterion.value" item="listItem" open="(" separator=",">
                    #{listItem}
                  </foreach>
                </when>
              </choose>
            </foreach>
          </trim>
        </if>
      </foreach>
    </where>
  </sql>
  <sql id="Update_By_Example_Where_Clause">
    <!--
      WARNING - @mbg.generated
      This element is automatically generated by MyBatis Generator, do not modify.
      This element was generated on Tue Mar 16 17:24:17 GMT 2021.
    -->
    <where>
      <foreach collection="example.oredCriteria" item="criteria" separator="or">
        <if test="criteria.valid">
          <trim prefix="(" prefixOverrides="and" suffix=")">
            <foreach collection="criteria.criteria" item="criterion">
              <choose>
                <when test="criterion.noValue">
                  and ${criterion.condition}
                </when>
                <when test="criterion.singleValue">
                  and ${criterion.condition} #{criterion.value}
                </when>
                <when test="criterion.betweenValue">
                  and ${criterion.condition} #{criterion.value} and #{criterion.secondValue}
                </when>
                <when test="criterion.listValue">
                  and ${criterion.condition}
                  <foreach close=")" collection="criterion.value" item="listItem" open="(" separator=",">
                    #{listItem}
                  </foreach>
                </when>
              </choose>
            </foreach>
          </trim>
        </if>
      </foreach>
    </where>
  </sql>
  <sql id="Base_Column_List">
    <!--
      WARNING - @mbg.generated
      This element is automatically generated by MyBatis Generator, do not modify.
      This element was generated on Tue Mar 16 17:24:17 GMT 2021.
    -->
    NTR_ID, NTR_CLIENT_ID, NTR_NITRATES, NTR_PHOSPHATES, NTR_LAND, NTR_NPH, NTR_NITRATES_YEAR, 
    NTR_PERIOD_FROM, NTR_PERIOD_TO, NTR_AUDIT_USER, NTR_AUDIT_DATE, NTR_AUDIT_ACTION, 
    NTR_AUDIT_LOCATION, NTR_VER_NUM, NTR_DAIRY_DAYS, NTR_SUCKLER_DAYS, NTR_UNDER_ONE_YEAR_DAYS, 
    NTR_ONE_TO_TWO_YEAR_DAYS, NTR_OVER_TWO_YEAR_DAYS
  </sql>
  <select id="selectByExample" parameterType="ie.gov.agriculture.agschemes.dao.TDAG_NITRATESExample" resultMap="BaseResultMap">
    <!--
      WARNING - @mbg.generated
      This element is automatically generated by MyBatis Generator, do not modify.
      This element was generated on Tue Mar 16 17:24:17 GMT 2021.
    -->
    select
    <if test="distinct">
      distinct
    </if>
    <include refid="Base_Column_List" />
    from TDAG_NITRATES
    <if test="_parameter != null">
      <include refid="Example_Where_Clause" />
    </if>
    <if test="orderByClause != null">
      order by ${orderByClause}
    </if>
  </select>
  <select id="selectByPrimaryKey" parameterType="java.lang.Long" resultMap="BaseResultMap">
    <!--
      WARNING - @mbg.generated
      This element is automatically generated by MyBatis Generator, do not modify.
      This element was generated on Tue Mar 16 17:24:17 GMT 2021.
    -->
    select 
    <include refid="Base_Column_List" />
    from TDAG_NITRATES
    where NTR_ID = #{NTR_ID,jdbcType=DECIMAL}
  </select>
<!--  Select NTR_PHOSPHATES from TDAG_NITRATES where NTR_CLIENT_ID = 'S1440736' and NTR_NITRATES_YEAR ='2020' order by NTR_AUDIT_DATE;-->
  <select id="select_by_ntr_client_id" parameterType="java.util.HashMap" resultMap="BaseResultMap">
    select
    NTR_PHOSPHATES
    from TDAG_NITRATES
    where NTR_CLIENT_ID = #{NTR_CLIENT_ID}
    and NTR_NITRATES_YEAR = #{NTR_NITRATES_YEAR}
    order by NTR_AUDIT_DATE
  </select>

  <delete id="deleteByPrimaryKey" parameterType="java.lang.Long">
    <!--
      WARNING - @mbg.generated
      This element is automatically generated by MyBatis Generator, do not modify.
      This element was generated on Tue Mar 16 17:24:17 GMT 2021.
    -->
    delete from TDAG_NITRATES
    where NTR_ID = #{NTR_ID,jdbcType=DECIMAL}
  </delete>
  <delete id="deleteByExample" parameterType="ie.gov.agriculture.agschemes.dao.TDAG_NITRATESExample">
    <!--
      WARNING - @mbg.generated
      This element is automatically generated by MyBatis Generator, do not modify.
      This element was generated on Tue Mar 16 17:24:17 GMT 2021.
    -->
    delete from TDAG_NITRATES
    <if test="_parameter != null">
      <include refid="Example_Where_Clause" />
    </if>
  </delete>
  <insert id="insert" parameterType="ie.gov.agriculture.agschemes.dao.TDAG_NITRATES">
    <!--
      WARNING - @mbg.generated
      This element is automatically generated by MyBatis Generator, do not modify.
      This element was generated on Tue Mar 16 17:24:17 GMT 2021.
    -->
    insert into TDAG_NITRATES (NTR_ID, NTR_CLIENT_ID, NTR_NITRATES, 
      NTR_PHOSPHATES, NTR_LAND, NTR_NPH, 
      NTR_NITRATES_YEAR, NTR_PERIOD_FROM, NTR_PERIOD_TO, 
      NTR_AUDIT_USER, NTR_AUDIT_DATE, NTR_AUDIT_ACTION, 
      NTR_AUDIT_LOCATION, NTR_VER_NUM, NTR_DAIRY_DAYS, 
      NTR_SUCKLER_DAYS, NTR_UNDER_ONE_YEAR_DAYS, 
      NTR_ONE_TO_TWO_YEAR_DAYS, NTR_OVER_TWO_YEAR_DAYS
      )
    values (#{NTR_ID,jdbcType=DECIMAL}, #{NTR_CLIENT_ID,jdbcType=VARCHAR}, #{NTR_NITRATES,jdbcType=DECIMAL}, 
      #{NTR_PHOSPHATES,jdbcType=DECIMAL}, #{NTR_LAND,jdbcType=DECIMAL}, #{NTR_NPH,jdbcType=DECIMAL}, 
      #{NTR_NITRATES_YEAR,jdbcType=DECIMAL}, #{NTR_PERIOD_FROM,jdbcType=TIMESTAMP}, #{NTR_PERIOD_TO,jdbcType=TIMESTAMP}, 
      #{NTR_AUDIT_USER,jdbcType=VARCHAR}, #{NTR_AUDIT_DATE,jdbcType=TIMESTAMP}, #{NTR_AUDIT_ACTION,jdbcType=VARCHAR}, 
      #{NTR_AUDIT_LOCATION,jdbcType=VARCHAR}, #{NTR_VER_NUM,jdbcType=DECIMAL}, #{NTR_DAIRY_DAYS,jdbcType=DECIMAL}, 
      #{NTR_SUCKLER_DAYS,jdbcType=DECIMAL}, #{NTR_UNDER_ONE_YEAR_DAYS,jdbcType=DECIMAL}, 
      #{NTR_ONE_TO_TWO_YEAR_DAYS,jdbcType=DECIMAL}, #{NTR_OVER_TWO_YEAR_DAYS,jdbcType=DECIMAL}
      )
  </insert>
  <insert id="insertSelective" parameterType="ie.gov.agriculture.agschemes.dao.TDAG_NITRATES">
    <!--
      WARNING - @mbg.generated
      This element is automatically generated by MyBatis Generator, do not modify.
      This element was generated on Tue Mar 16 17:24:17 GMT 2021.
    -->
    insert into TDAG_NITRATES
    <trim prefix="(" suffix=")" suffixOverrides=",">
      <if test="NTR_ID != null">
        NTR_ID,
      </if>
      <if test="NTR_CLIENT_ID != null">
        NTR_CLIENT_ID,
      </if>
      <if test="NTR_NITRATES != null">
        NTR_NITRATES,
      </if>
      <if test="NTR_PHOSPHATES != null">
        NTR_PHOSPHATES,
      </if>
      <if test="NTR_LAND != null">
        NTR_LAND,
      </if>
      <if test="NTR_NPH != null">
        NTR_NPH,
      </if>
      <if test="NTR_NITRATES_YEAR != null">
        NTR_NITRATES_YEAR,
      </if>
      <if test="NTR_PERIOD_FROM != null">
        NTR_PERIOD_FROM,
      </if>
      <if test="NTR_PERIOD_TO != null">
        NTR_PERIOD_TO,
      </if>
      <if test="NTR_AUDIT_USER != null">
        NTR_AUDIT_USER,
      </if>
      <if test="NTR_AUDIT_DATE != null">
        NTR_AUDIT_DATE,
      </if>
      <if test="NTR_AUDIT_ACTION != null">
        NTR_AUDIT_ACTION,
      </if>
      <if test="NTR_AUDIT_LOCATION != null">
        NTR_AUDIT_LOCATION,
      </if>
      <if test="NTR_VER_NUM != null">
        NTR_VER_NUM,
      </if>
      <if test="NTR_DAIRY_DAYS != null">
        NTR_DAIRY_DAYS,
      </if>
      <if test="NTR_SUCKLER_DAYS != null">
        NTR_SUCKLER_DAYS,
      </if>
      <if test="NTR_UNDER_ONE_YEAR_DAYS != null">
        NTR_UNDER_ONE_YEAR_DAYS,
      </if>
      <if test="NTR_ONE_TO_TWO_YEAR_DAYS != null">
        NTR_ONE_TO_TWO_YEAR_DAYS,
      </if>
      <if test="NTR_OVER_TWO_YEAR_DAYS != null">
        NTR_OVER_TWO_YEAR_DAYS,
      </if>
    </trim>
    <trim prefix="values (" suffix=")" suffixOverrides=",">
      <if test="NTR_ID != null">
        #{NTR_ID,jdbcType=DECIMAL},
      </if>
      <if test="NTR_CLIENT_ID != null">
        #{NTR_CLIENT_ID,jdbcType=VARCHAR},
      </if>
      <if test="NTR_NITRATES != null">
        #{NTR_NITRATES,jdbcType=DECIMAL},
      </if>
      <if test="NTR_PHOSPHATES != null">
        #{NTR_PHOSPHATES,jdbcType=DECIMAL},
      </if>
      <if test="NTR_LAND != null">
        #{NTR_LAND,jdbcType=DECIMAL},
      </if>
      <if test="NTR_NPH != null">
        #{NTR_NPH,jdbcType=DECIMAL},
      </if>
      <if test="NTR_NITRATES_YEAR != null">
        #{NTR_NITRATES_YEAR,jdbcType=DECIMAL},
      </if>
      <if test="NTR_PERIOD_FROM != null">
        #{NTR_PERIOD_FROM,jdbcType=TIMESTAMP},
      </if>
      <if test="NTR_PERIOD_TO != null">
        #{NTR_PERIOD_TO,jdbcType=TIMESTAMP},
      </if>
      <if test="NTR_AUDIT_USER != null">
        #{NTR_AUDIT_USER,jdbcType=VARCHAR},
      </if>
      <if test="NTR_AUDIT_DATE != null">
        #{NTR_AUDIT_DATE,jdbcType=TIMESTAMP},
      </if>
      <if test="NTR_AUDIT_ACTION != null">
        #{NTR_AUDIT_ACTION,jdbcType=VARCHAR},
      </if>
      <if test="NTR_AUDIT_LOCATION != null">
        #{NTR_AUDIT_LOCATION,jdbcType=VARCHAR},
      </if>
      <if test="NTR_VER_NUM != null">
        #{NTR_VER_NUM,jdbcType=DECIMAL},
      </if>
      <if test="NTR_DAIRY_DAYS != null">
        #{NTR_DAIRY_DAYS,jdbcType=DECIMAL},
      </if>
      <if test="NTR_SUCKLER_DAYS != null">
        #{NTR_SUCKLER_DAYS,jdbcType=DECIMAL},
      </if>
      <if test="NTR_UNDER_ONE_YEAR_DAYS != null">
        #{NTR_UNDER_ONE_YEAR_DAYS,jdbcType=DECIMAL},
      </if>
      <if test="NTR_ONE_TO_TWO_YEAR_DAYS != null">
        #{NTR_ONE_TO_TWO_YEAR_DAYS,jdbcType=DECIMAL},
      </if>
      <if test="NTR_OVER_TWO_YEAR_DAYS != null">
        #{NTR_OVER_TWO_YEAR_DAYS,jdbcType=DECIMAL},
      </if>
    </trim>
  </insert>
  <select id="countByExample" parameterType="ie.gov.agriculture.agschemes.dao.TDAG_NITRATESExample" resultType="java.lang.Long">
    <!--
      WARNING - @mbg.generated
      This element is automatically generated by MyBatis Generator, do not modify.
      This element was generated on Tue Mar 16 17:24:17 GMT 2021.
    -->
    select count(*) from TDAG_NITRATES
    <if test="_parameter != null">
      <include refid="Example_Where_Clause" />
    </if>
  </select>
  <update id="updateByExampleSelective" parameterType="map">
    <!--
      WARNING - @mbg.generated
      This element is automatically generated by MyBatis Generator, do not modify.
      This element was generated on Tue Mar 16 17:24:17 GMT 2021.
    -->
    update TDAG_NITRATES
    <set>
      <if test="record.NTR_ID != null">
        NTR_ID = #{record.NTR_ID,jdbcType=DECIMAL},
      </if>
      <if test="record.NTR_CLIENT_ID != null">
        NTR_CLIENT_ID = #{record.NTR_CLIENT_ID,jdbcType=VARCHAR},
      </if>
      <if test="record.NTR_NITRATES != null">
        NTR_NITRATES = #{record.NTR_NITRATES,jdbcType=DECIMAL},
      </if>
      <if test="record.NTR_PHOSPHATES != null">
        NTR_PHOSPHATES = #{record.NTR_PHOSPHATES,jdbcType=DECIMAL},
      </if>
      <if test="record.NTR_LAND != null">
        NTR_LAND = #{record.NTR_LAND,jdbcType=DECIMAL},
      </if>
      <if test="record.NTR_NPH != null">
        NTR_NPH = #{record.NTR_NPH,jdbcType=DECIMAL},
      </if>
      <if test="record.NTR_NITRATES_YEAR != null">
        NTR_NITRATES_YEAR = #{record.NTR_NITRATES_YEAR,jdbcType=DECIMAL},
      </if>
      <if test="record.NTR_PERIOD_FROM != null">
        NTR_PERIOD_FROM = #{record.NTR_PERIOD_FROM,jdbcType=TIMESTAMP},
      </if>
      <if test="record.NTR_PERIOD_TO != null">
        NTR_PERIOD_TO = #{record.NTR_PERIOD_TO,jdbcType=TIMESTAMP},
      </if>
      <if test="record.NTR_AUDIT_USER != null">
        NTR_AUDIT_USER = #{record.NTR_AUDIT_USER,jdbcType=VARCHAR},
      </if>
      <if test="record.NTR_AUDIT_DATE != null">
        NTR_AUDIT_DATE = #{record.NTR_AUDIT_DATE,jdbcType=TIMESTAMP},
      </if>
      <if test="record.NTR_AUDIT_ACTION != null">
        NTR_AUDIT_ACTION = #{record.NTR_AUDIT_ACTION,jdbcType=VARCHAR},
      </if>
      <if test="record.NTR_AUDIT_LOCATION != null">
        NTR_AUDIT_LOCATION = #{record.NTR_AUDIT_LOCATION,jdbcType=VARCHAR},
      </if>
      <if test="record.NTR_VER_NUM != null">
        NTR_VER_NUM = #{record.NTR_VER_NUM,jdbcType=DECIMAL},
      </if>
      <if test="record.NTR_DAIRY_DAYS != null">
        NTR_DAIRY_DAYS = #{record.NTR_DAIRY_DAYS,jdbcType=DECIMAL},
      </if>
      <if test="record.NTR_SUCKLER_DAYS != null">
        NTR_SUCKLER_DAYS = #{record.NTR_SUCKLER_DAYS,jdbcType=DECIMAL},
      </if>
      <if test="record.NTR_UNDER_ONE_YEAR_DAYS != null">
        NTR_UNDER_ONE_YEAR_DAYS = #{record.NTR_UNDER_ONE_YEAR_DAYS,jdbcType=DECIMAL},
      </if>
      <if test="record.NTR_ONE_TO_TWO_YEAR_DAYS != null">
        NTR_ONE_TO_TWO_YEAR_DAYS = #{record.NTR_ONE_TO_TWO_YEAR_DAYS,jdbcType=DECIMAL},
      </if>
      <if test="record.NTR_OVER_TWO_YEAR_DAYS != null">
        NTR_OVER_TWO_YEAR_DAYS = #{record.NTR_OVER_TWO_YEAR_DAYS,jdbcType=DECIMAL},
      </if>
    </set>
    <if test="_parameter != null">
      <include refid="Update_By_Example_Where_Clause" />
    </if>
  </update>
  <update id="updateByExample" parameterType="map">
    <!--
      WARNING - @mbg.generated
      This element is automatically generated by MyBatis Generator, do not modify.
      This element was generated on Tue Mar 16 17:24:17 GMT 2021.
    -->
    update TDAG_NITRATES
    set NTR_ID = #{record.NTR_ID,jdbcType=DECIMAL},
      NTR_CLIENT_ID = #{record.NTR_CLIENT_ID,jdbcType=VARCHAR},
      NTR_NITRATES = #{record.NTR_NITRATES,jdbcType=DECIMAL},
      NTR_PHOSPHATES = #{record.NTR_PHOSPHATES,jdbcType=DECIMAL},
      NTR_LAND = #{record.NTR_LAND,jdbcType=DECIMAL},
      NTR_NPH = #{record.NTR_NPH,jdbcType=DECIMAL},
      NTR_NITRATES_YEAR = #{record.NTR_NITRATES_YEAR,jdbcType=DECIMAL},
      NTR_PERIOD_FROM = #{record.NTR_PERIOD_FROM,jdbcType=TIMESTAMP},
      NTR_PERIOD_TO = #{record.NTR_PERIOD_TO,jdbcType=TIMESTAMP},
      NTR_AUDIT_USER = #{record.NTR_AUDIT_USER,jdbcType=VARCHAR},
      NTR_AUDIT_DATE = #{record.NTR_AUDIT_DATE,jdbcType=TIMESTAMP},
      NTR_AUDIT_ACTION = #{record.NTR_AUDIT_ACTION,jdbcType=VARCHAR},
      NTR_AUDIT_LOCATION = #{record.NTR_AUDIT_LOCATION,jdbcType=VARCHAR},
      NTR_VER_NUM = #{record.NTR_VER_NUM,jdbcType=DECIMAL},
      NTR_DAIRY_DAYS = #{record.NTR_DAIRY_DAYS,jdbcType=DECIMAL},
      NTR_SUCKLER_DAYS = #{record.NTR_SUCKLER_DAYS,jdbcType=DECIMAL},
      NTR_UNDER_ONE_YEAR_DAYS = #{record.NTR_UNDER_ONE_YEAR_DAYS,jdbcType=DECIMAL},
      NTR_ONE_TO_TWO_YEAR_DAYS = #{record.NTR_ONE_TO_TWO_YEAR_DAYS,jdbcType=DECIMAL},
      NTR_OVER_TWO_YEAR_DAYS = #{record.NTR_OVER_TWO_YEAR_DAYS,jdbcType=DECIMAL}
    <if test="_parameter != null">
      <include refid="Update_By_Example_Where_Clause" />
    </if>
  </update>
  <update id="updateByPrimaryKeySelective" parameterType="ie.gov.agriculture.agschemes.dao.TDAG_NITRATES">
    <!--
      WARNING - @mbg.generated
      This element is automatically generated by MyBatis Generator, do not modify.
      This element was generated on Tue Mar 16 17:24:17 GMT 2021.
    -->
    update TDAG_NITRATES
    <set>
      <if test="NTR_CLIENT_ID != null">
        NTR_CLIENT_ID = #{NTR_CLIENT_ID,jdbcType=VARCHAR},
      </if>
      <if test="NTR_NITRATES != null">
        NTR_NITRATES = #{NTR_NITRATES,jdbcType=DECIMAL},
      </if>
      <if test="NTR_PHOSPHATES != null">
        NTR_PHOSPHATES = #{NTR_PHOSPHATES,jdbcType=DECIMAL},
      </if>
      <if test="NTR_LAND != null">
        NTR_LAND = #{NTR_LAND,jdbcType=DECIMAL},
      </if>
      <if test="NTR_NPH != null">
        NTR_NPH = #{NTR_NPH,jdbcType=DECIMAL},
      </if>
      <if test="NTR_NITRATES_YEAR != null">
        NTR_NITRATES_YEAR = #{NTR_NITRATES_YEAR,jdbcType=DECIMAL},
      </if>
      <if test="NTR_PERIOD_FROM != null">
        NTR_PERIOD_FROM = #{NTR_PERIOD_FROM,jdbcType=TIMESTAMP},
      </if>
      <if test="NTR_PERIOD_TO != null">
        NTR_PERIOD_TO = #{NTR_PERIOD_TO,jdbcType=TIMESTAMP},
      </if>
      <if test="NTR_AUDIT_USER != null">
        NTR_AUDIT_USER = #{NTR_AUDIT_USER,jdbcType=VARCHAR},
      </if>
      <if test="NTR_AUDIT_DATE != null">
        NTR_AUDIT_DATE = #{NTR_AUDIT_DATE,jdbcType=TIMESTAMP},
      </if>
      <if test="NTR_AUDIT_ACTION != null">
        NTR_AUDIT_ACTION = #{NTR_AUDIT_ACTION,jdbcType=VARCHAR},
      </if>
      <if test="NTR_AUDIT_LOCATION != null">
        NTR_AUDIT_LOCATION = #{NTR_AUDIT_LOCATION,jdbcType=VARCHAR},
      </if>
      <if test="NTR_VER_NUM != null">
        NTR_VER_NUM = #{NTR_VER_NUM,jdbcType=DECIMAL},
      </if>
      <if test="NTR_DAIRY_DAYS != null">
        NTR_DAIRY_DAYS = #{NTR_DAIRY_DAYS,jdbcType=DECIMAL},
      </if>
      <if test="NTR_SUCKLER_DAYS != null">
        NTR_SUCKLER_DAYS = #{NTR_SUCKLER_DAYS,jdbcType=DECIMAL},
      </if>
      <if test="NTR_UNDER_ONE_YEAR_DAYS != null">
        NTR_UNDER_ONE_YEAR_DAYS = #{NTR_UNDER_ONE_YEAR_DAYS,jdbcType=DECIMAL},
      </if>
      <if test="NTR_ONE_TO_TWO_YEAR_DAYS != null">
        NTR_ONE_TO_TWO_YEAR_DAYS = #{NTR_ONE_TO_TWO_YEAR_DAYS,jdbcType=DECIMAL},
      </if>
      <if test="NTR_OVER_TWO_YEAR_DAYS != null">
        NTR_OVER_TWO_YEAR_DAYS = #{NTR_OVER_TWO_YEAR_DAYS,jdbcType=DECIMAL},
      </if>
    </set>
    where NTR_ID = #{NTR_ID,jdbcType=DECIMAL}
  </update>
  <update id="updateByPrimaryKey" parameterType="ie.gov.agriculture.agschemes.dao.TDAG_NITRATES">
    <!--
      WARNING - @mbg.generated
      This element is automatically generated by MyBatis Generator, do not modify.
      This element was generated on Tue Mar 16 17:24:17 GMT 2021.
    -->
    update TDAG_NITRATES
    set NTR_CLIENT_ID = #{NTR_CLIENT_ID,jdbcType=VARCHAR},
      NTR_NITRATES = #{NTR_NITRATES,jdbcType=DECIMAL},
      NTR_PHOSPHATES = #{NTR_PHOSPHATES,jdbcType=DECIMAL},
      NTR_LAND = #{NTR_LAND,jdbcType=DECIMAL},
      NTR_NPH = #{NTR_NPH,jdbcType=DECIMAL},
      NTR_NITRATES_YEAR = #{NTR_NITRATES_YEAR,jdbcType=DECIMAL},
      NTR_PERIOD_FROM = #{NTR_PERIOD_FROM,jdbcType=TIMESTAMP},
      NTR_PERIOD_TO = #{NTR_PERIOD_TO,jdbcType=TIMESTAMP},
      NTR_AUDIT_USER = #{NTR_AUDIT_USER,jdbcType=VARCHAR},
      NTR_AUDIT_DATE = #{NTR_AUDIT_DATE,jdbcType=TIMESTAMP},
      NTR_AUDIT_ACTION = #{NTR_AUDIT_ACTION,jdbcType=VARCHAR},
      NTR_AUDIT_LOCATION = #{NTR_AUDIT_LOCATION,jdbcType=VARCHAR},
      NTR_VER_NUM = #{NTR_VER_NUM,jdbcType=DECIMAL},
      NTR_DAIRY_DAYS = #{NTR_DAIRY_DAYS,jdbcType=DECIMAL},
      NTR_SUCKLER_DAYS = #{NTR_SUCKLER_DAYS,jdbcType=DECIMAL},
      NTR_UNDER_ONE_YEAR_DAYS = #{NTR_UNDER_ONE_YEAR_DAYS,jdbcType=DECIMAL},
      NTR_ONE_TO_TWO_YEAR_DAYS = #{NTR_ONE_TO_TWO_YEAR_DAYS,jdbcType=DECIMAL},
      NTR_OVER_TWO_YEAR_DAYS = #{NTR_OVER_TWO_YEAR_DAYS,jdbcType=DECIMAL}
    where NTR_ID = #{NTR_ID,jdbcType=DECIMAL}
  </update>
</mapper>