<?xml version="1.0" encoding="UTF-8"?>
<!DOCTYPE mapper PUBLIC "-//mybatis.org//DTD Mapper 3.0//EN" "http://mybatis.org/dtd/mybatis-3-mapper.dtd">
<mapper namespace="ie.gov.agriculture.agschemes.dao.TDAS_APPLICATIONS_NITRATESMapper">
  <resultMap id="BaseResultMap" type="ie.gov.agriculture.agschemes.dao.TDAS_APPLICATIONS_NITRATES">
    <!--
      WARNING - @mbg.generated
      This element is automatically generated by MyBatis Generator, do not modify.
      This element was generated on Tue Mar 02 16:43:23 GMT 2021.
    -->
    <id column="APN_APPLICATION_ID" jdbcType="DECIMAL" property="APN_APPLICATION_ID" />
    <result column="APN_DATE_APPLIC_RECIEVED" jdbcType="TIMESTAMP" property="APN_DATE_APPLIC_RECIEVED" />
    <result column="APN_DATE_APPLIC_SUBMITTED" jdbcType="TIMESTAMP" property="APN_DATE_APPLIC_SUBMITTED" />
    <result column="APN_NET_AREA_OF_HOLDING" jdbcType="DECIMAL" property="APN_NET_AREA_OF_HOLDING" />
    <result column="APN_NITROGEN_FROM_LIVESTOCK" jdbcType="DECIMAL" property="APN_NITROGEN_FROM_LIVESTOCK" />
    <result column="APN_NITROGEN_APPLIED" jdbcType="DECIMAL" property="APN_NITROGEN_APPLIED" />
    <result column="APN_NITROGEN_EXPORTED" jdbcType="DECIMAL" property="APN_NITROGEN_EXPORTED" />
    <result column="APN_NET_GRASSLAND" jdbcType="DECIMAL" property="APN_NET_GRASSLAND" />
    <result column="APN_CATTLE" jdbcType="DECIMAL" property="APN_CATTLE" />
    <result column="APN_SHEEP" jdbcType="DECIMAL" property="APN_SHEEP" />
    <result column="APN_PIGS" jdbcType="DECIMAL" property="APN_PIGS" />
    <result column="APN_POULTRY" jdbcType="DECIMAL" property="APN_POULTRY" />
    <result column="APN_HORSES" jdbcType="DECIMAL" property="APN_HORSES" />
    <result column="APN_GOATS" jdbcType="DECIMAL" property="APN_GOATS" />
    <result column="APN_DEER" jdbcType="DECIMAL" property="APN_DEER" />
    <result column="APN_OTHER_LIVESTOCK" jdbcType="DECIMAL" property="APN_OTHER_LIVESTOCK" />
    <result column="APN_NITRATE_ZONE" jdbcType="VARCHAR" property="APN_NITRATE_ZONE" />
    <result column="APN_GRASS_LAND_PERCENT" jdbcType="DECIMAL" property="APN_GRASS_LAND_PERCENT" />
    <result column="APN_LAST_SOIL_SAMPLE_SUBMITED" jdbcType="TIMESTAMP" property="APN_LAST_SOIL_SAMPLE_SUBMITED" />
    <result column="APN_HAS_DOC_MAP" jdbcType="DECIMAL" property="APN_HAS_DOC_MAP" />
    <result column="APN_REPS_4_APPROVED" jdbcType="DECIMAL" property="APN_REPS_4_APPROVED" />
    <result column="APN_HOLDING_AREA_BPS" jdbcType="DECIMAL" property="APN_HOLDING_AREA_BPS" />
    <result column="APN_GRASSLAND_AREA_BPS" jdbcType="DECIMAL" property="APN_GRASSLAND_AREA_BPS" />
    <result column="APN_BPS_MANUAL_RECORDING_IND" jdbcType="DECIMAL" property="APN_BPS_MANUAL_RECORDING_IND" />
    <result column="APN_BPS_MANUAL_CHECK_COMP_IND" jdbcType="DECIMAL" property="APN_BPS_MANUAL_CHECK_COMP_IND" />
    <result column="APN_LAST_SOIL_SAMPLE_ONLINE" jdbcType="TIMESTAMP" property="APN_LAST_SOIL_SAMPLE_ONLINE" />
    <result column="APN_AMOUNT_SLURRY_SPREAD" jdbcType="DECIMAL" property="APN_AMOUNT_SLURRY_SPREAD" />
    <result column="APN_AHCS_NO_ANIMALS_RECORDED" jdbcType="DECIMAL" property="APN_AHCS_NO_ANIMALS_RECORDED" />
    <result column="APN_AHCS_MANUAL_RECORDING_IND" jdbcType="DECIMAL" property="APN_AHCS_MANUAL_RECORDING_IND" />
    <result column="APN_AHCS_MANUAL_CHECK_COMP_IND" jdbcType="DECIMAL" property="APN_AHCS_MANUAL_CHECK_COMP_IND" />
    <result column="APN_STORAGE_PERIOD" jdbcType="DECIMAL" property="APN_STORAGE_PERIOD" />
    <result column="APN_TERMS_CONDITIONS_IND" jdbcType="DECIMAL" property="APN_TERMS_CONDITIONS_IND" />
    <result column="APN_BDMEASURE_WBTHORN_TRLFT_ID" jdbcType="DECIMAL" property="APN_BDMEASURE_WBTHORN_TRLFT_ID" />
    <result column="APN_BDMEASURE_MAINTAIN_HROW_ID" jdbcType="DECIMAL" property="APN_BDMEASURE_MAINTAIN_HROW_ID" />
    <result column="APN_BDMEASURE_CUT_HEDGROW_ID" jdbcType="DECIMAL" property="APN_BDMEASURE_CUT_HEDGROW_ID" />
    <result column="APN_COMMENTS" jdbcType="VARCHAR" property="APN_COMMENTS" />
    <result column="APN_VER_NUM" jdbcType="DECIMAL" property="APN_VER_NUM" />
    <result column="APN_AUDIT_USER" jdbcType="VARCHAR" property="APN_AUDIT_USER" />
    <result column="APN_AUDIT_DATE" jdbcType="TIMESTAMP" property="APN_AUDIT_DATE" />
    <result column="APN_AUDIT_ACTION" jdbcType="VARCHAR" property="APN_AUDIT_ACTION" />
    <result column="APN_AUDIT_LOCATION" jdbcType="VARCHAR" property="APN_AUDIT_LOCATION" />
    <result column="APN_AUDIT_PROCESS" jdbcType="VARCHAR" property="APN_AUDIT_PROCESS" />
    <result column="APN_AUDIT_USERID" jdbcType="DECIMAL" property="APN_AUDIT_USERID" />
    <result column="APN_TRAINING_GRASSLAND_IND" jdbcType="DECIMAL" property="APN_TRAINING_GRASSLAND_IND" />
    <result column="APN_TRAINING_ENVIRONMENTAL_IND" jdbcType="DECIMAL" property="APN_TRAINING_ENVIRONMENTAL_IND" />
  </resultMap>
  <sql id="Example_Where_Clause">
    <!--
      WARNING - @mbg.generated
      This element is automatically generated by MyBatis Generator, do not modify.
      This element was generated on Tue Mar 02 16:43:23 GMT 2021.
    -->
    <where>
      <foreach collection="oredCriteria" item="criteria" separator="or">
        <if test="criteria.valid">
          <trim prefix="(" prefixOverrides="and" suffix=")">
            <foreach collection="criteria.criteria" item="criterion">
              <choose>
                <when test="criterion.noValue">
                  and ${criterion.condition}
                </when>
                <when test="criterion.singleValue">
                  and ${criterion.condition} #{criterion.value}
                </when>
                <when test="criterion.betweenValue">
                  and ${criterion.condition} #{criterion.value} and #{criterion.secondValue}
                </when>
                <when test="criterion.listValue">
                  and ${criterion.condition}
                  <foreach close=")" collection="criterion.value" item="listItem" open="(" separator=",">
                    #{listItem}
                  </foreach>
                </when>
              </choose>
            </foreach>
          </trim>
        </if>
      </foreach>
    </where>
  </sql>
  <sql id="Update_By_Example_Where_Clause">
    <!--
      WARNING - @mbg.generated
      This element is automatically generated by MyBatis Generator, do not modify.
      This element was generated on Tue Mar 02 16:43:23 GMT 2021.
    -->
    <where>
      <foreach collection="example.oredCriteria" item="criteria" separator="or">
        <if test="criteria.valid">
          <trim prefix="(" prefixOverrides="and" suffix=")">
            <foreach collection="criteria.criteria" item="criterion">
              <choose>
                <when test="criterion.noValue">
                  and ${criterion.condition}
                </when>
                <when test="criterion.singleValue">
                  and ${criterion.condition} #{criterion.value}
                </when>
                <when test="criterion.betweenValue">
                  and ${criterion.condition} #{criterion.value} and #{criterion.secondValue}
                </when>
                <when test="criterion.listValue">
                  and ${criterion.condition}
                  <foreach close=")" collection="criterion.value" item="listItem" open="(" separator=",">
                    #{listItem}
                  </foreach>
                </when>
              </choose>
            </foreach>
          </trim>
        </if>
      </foreach>
    </where>
  </sql>
  <sql id="Base_Column_List">
    <!--
      WARNING - @mbg.generated
      This element is automatically generated by MyBatis Generator, do not modify.
      This element was generated on Tue Mar 02 16:43:23 GMT 2021.
    -->
    APN_APPLICATION_ID, APN_DATE_APPLIC_RECIEVED, APN_DATE_APPLIC_SUBMITTED, APN_NET_AREA_OF_HOLDING, 
    APN_NITROGEN_FROM_LIVESTOCK, APN_NITROGEN_APPLIED, APN_NITROGEN_EXPORTED, APN_NET_GRASSLAND, 
    APN_CATTLE, APN_SHEEP, APN_PIGS, APN_POULTRY, APN_HORSES, APN_GOATS, APN_DEER, APN_OTHER_LIVESTOCK, 
    APN_NITRATE_ZONE, APN_GRASS_LAND_PERCENT, APN_LAST_SOIL_SAMPLE_SUBMITED, APN_HAS_DOC_MAP, 
    APN_REPS_4_APPROVED, APN_HOLDING_AREA_BPS, APN_GRASSLAND_AREA_BPS, APN_BPS_MANUAL_RECORDING_IND, 
    APN_BPS_MANUAL_CHECK_COMP_IND, APN_LAST_SOIL_SAMPLE_ONLINE, APN_AMOUNT_SLURRY_SPREAD, 
    APN_AHCS_NO_ANIMALS_RECORDED, APN_AHCS_MANUAL_RECORDING_IND, APN_AHCS_MANUAL_CHECK_COMP_IND, 
    APN_STORAGE_PERIOD, APN_TERMS_CONDITIONS_IND, APN_BDMEASURE_WBTHORN_TRLFT_ID, APN_BDMEASURE_MAINTAIN_HROW_ID, 
    APN_BDMEASURE_CUT_HEDGROW_ID, APN_COMMENTS, APN_VER_NUM, APN_AUDIT_USER, APN_AUDIT_DATE, 
    APN_AUDIT_ACTION, APN_AUDIT_LOCATION, APN_AUDIT_PROCESS, APN_AUDIT_USERID, APN_TRAINING_GRASSLAND_IND, 
    APN_TRAINING_ENVIRONMENTAL_IND
  </sql>
  <select id="selectByExample" parameterType="ie.gov.agriculture.agschemes.dao.TDAS_APPLICATIONS_NITRATESExample" resultMap="BaseResultMap">
    <!--
      WARNING - @mbg.generated
      This element is automatically generated by MyBatis Generator, do not modify.
      This element was generated on Tue Mar 02 16:43:23 GMT 2021.
    -->
    select
    <if test="distinct">
      distinct
    </if>
    <include refid="Base_Column_List" />
    from TDAS_APPLICATIONS_NITRATES
    <if test="_parameter != null">
      <include refid="Example_Where_Clause" />
    </if>
    <if test="orderByClause != null">
      order by ${orderByClause}
    </if>
  </select>
  <select id="selectByPrimaryKey" parameterType="java.math.BigDecimal" resultMap="BaseResultMap">
    <!--
      WARNING - @mbg.generated
      This element is automatically generated by MyBatis Generator, do not modify.
      This element was generated on Tue Mar 02 16:43:23 GMT 2021.
    -->
    select 
    <include refid="Base_Column_List" />
    from TDAS_APPLICATIONS_NITRATES
    where APN_APPLICATION_ID = #{APN_APPLICATION_ID,jdbcType=DECIMAL}
  </select>

  <select id="select_by_apn_application_id" parameterType="java.lang.String" resultMap="BaseResultMap">
    select
    <include refid="Base_Column_List" />
    from TDAS_APPLICATIONS_NITRATES
    where APN_APPLICATION_ID = #{APP_APPLICATION_ID}
  </select>

  <select id="delete_by_application_id" parameterType="java.lang.String" resultMap="BaseResultMap">
    delete from TDAS_APPLICATIONS_NITRATES
    where APN_APPLICATION_ID = #{APP_APPLICATION_ID}
  </select>

  <delete id="deleteByPrimaryKey" parameterType="java.math.BigDecimal">
    <!--
      WARNING - @mbg.generated
      This element is automatically generated by MyBatis Generator, do not modify.
      This element was generated on Tue Mar 02 16:43:23 GMT 2021.
    -->
    delete from TDAS_APPLICATIONS_NITRATES
    where APN_APPLICATION_ID = #{APN_APPLICATION_ID,jdbcType=DECIMAL}
  </delete>
  <delete id="deleteByExample" parameterType="ie.gov.agriculture.agschemes.dao.TDAS_APPLICATIONS_NITRATESExample">
    <!--
      WARNING - @mbg.generated
      This element is automatically generated by MyBatis Generator, do not modify.
      This element was generated on Tue Mar 02 16:43:23 GMT 2021.
    -->
    delete from TDAS_APPLICATIONS_NITRATES
    <if test="_parameter != null">
      <include refid="Example_Where_Clause" />
    </if>
  </delete>
  <insert id="insert" parameterType="ie.gov.agriculture.agschemes.dao.TDAS_APPLICATIONS_NITRATES">
    <!--
      WARNING - @mbg.generated
      This element is automatically generated by MyBatis Generator, do not modify.
      This element was generated on Tue Mar 02 16:43:23 GMT 2021.
    -->
    insert into TDAS_APPLICATIONS_NITRATES (APN_APPLICATION_ID, APN_DATE_APPLIC_RECIEVED, 
      APN_DATE_APPLIC_SUBMITTED, APN_NET_AREA_OF_HOLDING, 
      APN_NITROGEN_FROM_LIVESTOCK, APN_NITROGEN_APPLIED, 
      APN_NITROGEN_EXPORTED, APN_NET_GRASSLAND, 
      APN_CATTLE, APN_SHEEP, APN_PIGS, 
      APN_POULTRY, APN_HORSES, APN_GOATS, 
      APN_DEER, APN_OTHER_LIVESTOCK, APN_NITRATE_ZONE, 
      APN_GRASS_LAND_PERCENT, APN_LAST_SOIL_SAMPLE_SUBMITED, 
      APN_HAS_DOC_MAP, APN_REPS_4_APPROVED, APN_HOLDING_AREA_BPS, 
      APN_GRASSLAND_AREA_BPS, APN_BPS_MANUAL_RECORDING_IND, 
      APN_BPS_MANUAL_CHECK_COMP_IND, APN_LAST_SOIL_SAMPLE_ONLINE, 
      APN_AMOUNT_SLURRY_SPREAD, APN_AHCS_NO_ANIMALS_RECORDED, 
      APN_AHCS_MANUAL_RECORDING_IND, APN_AHCS_MANUAL_CHECK_COMP_IND, 
      APN_STORAGE_PERIOD, APN_TERMS_CONDITIONS_IND, 
      APN_BDMEASURE_WBTHORN_TRLFT_ID, APN_BDMEASURE_MAINTAIN_HROW_ID, 
      APN_BDMEASURE_CUT_HEDGROW_ID, APN_COMMENTS, 
      APN_VER_NUM, APN_AUDIT_USER, APN_AUDIT_DATE, 
      APN_AUDIT_ACTION, APN_AUDIT_LOCATION, APN_AUDIT_PROCESS, 
      APN_AUDIT_USERID, APN_TRAINING_GRASSLAND_IND, 
      APN_TRAINING_ENVIRONMENTAL_IND)
    values (#{APN_APPLICATION_ID,jdbcType=DECIMAL}, #{APN_DATE_APPLIC_RECIEVED,jdbcType=TIMESTAMP}, 
      #{APN_DATE_APPLIC_SUBMITTED,jdbcType=TIMESTAMP}, #{APN_NET_AREA_OF_HOLDING,jdbcType=DECIMAL}, 
      #{APN_NITROGEN_FROM_LIVESTOCK,jdbcType=DECIMAL}, #{APN_NITROGEN_APPLIED,jdbcType=DECIMAL}, 
      #{APN_NITROGEN_EXPORTED,jdbcType=DECIMAL}, #{APN_NET_GRASSLAND,jdbcType=DECIMAL}, 
      #{APN_CATTLE,jdbcType=DECIMAL}, #{APN_SHEEP,jdbcType=DECIMAL}, #{APN_PIGS,jdbcType=DECIMAL}, 
      #{APN_POULTRY,jdbcType=DECIMAL}, #{APN_HORSES,jdbcType=DECIMAL}, #{APN_GOATS,jdbcType=DECIMAL}, 
      #{APN_DEER,jdbcType=DECIMAL}, #{APN_OTHER_LIVESTOCK,jdbcType=DECIMAL}, #{APN_NITRATE_ZONE,jdbcType=VARCHAR}, 
      #{APN_GRASS_LAND_PERCENT,jdbcType=DECIMAL}, #{APN_LAST_SOIL_SAMPLE_SUBMITED,jdbcType=TIMESTAMP}, 
      #{APN_HAS_DOC_MAP,jdbcType=DECIMAL}, #{APN_REPS_4_APPROVED,jdbcType=DECIMAL}, #{APN_HOLDING_AREA_BPS,jdbcType=DECIMAL}, 
      #{APN_GRASSLAND_AREA_BPS,jdbcType=DECIMAL}, #{APN_BPS_MANUAL_RECORDING_IND,jdbcType=DECIMAL}, 
      #{APN_BPS_MANUAL_CHECK_COMP_IND,jdbcType=DECIMAL}, #{APN_LAST_SOIL_SAMPLE_ONLINE,jdbcType=TIMESTAMP}, 
      #{APN_AMOUNT_SLURRY_SPREAD,jdbcType=DECIMAL}, #{APN_AHCS_NO_ANIMALS_RECORDED,jdbcType=DECIMAL}, 
      #{APN_AHCS_MANUAL_RECORDING_IND,jdbcType=DECIMAL}, #{APN_AHCS_MANUAL_CHECK_COMP_IND,jdbcType=DECIMAL}, 
      #{APN_STORAGE_PERIOD,jdbcType=DECIMAL}, #{APN_TERMS_CONDITIONS_IND,jdbcType=DECIMAL}, 
      #{APN_BDMEASURE_WBTHORN_TRLFT_ID,jdbcType=DECIMAL}, #{APN_BDMEASURE_MAINTAIN_HROW_ID,jdbcType=DECIMAL}, 
      #{APN_BDMEASURE_CUT_HEDGROW_ID,jdbcType=DECIMAL}, #{APN_COMMENTS,jdbcType=VARCHAR}, 
      #{APN_VER_NUM,jdbcType=DECIMAL}, #{APN_AUDIT_USER,jdbcType=VARCHAR}, #{APN_AUDIT_DATE,jdbcType=TIMESTAMP}, 
      #{APN_AUDIT_ACTION,jdbcType=VARCHAR}, #{APN_AUDIT_LOCATION,jdbcType=VARCHAR}, #{APN_AUDIT_PROCESS,jdbcType=VARCHAR}, 
      #{APN_AUDIT_USERID,jdbcType=DECIMAL}, #{APN_TRAINING_GRASSLAND_IND,jdbcType=DECIMAL}, 
      #{APN_TRAINING_ENVIRONMENTAL_IND,jdbcType=DECIMAL})
  </insert>
  <insert id="insertSelective" parameterType="ie.gov.agriculture.agschemes.dao.TDAS_APPLICATIONS_NITRATES">
    <!--
      WARNING - @mbg.generated
      This element is automatically generated by MyBatis Generator, do not modify.
      This element was generated on Tue Mar 02 16:43:23 GMT 2021.
    -->
    insert into TDAS_APPLICATIONS_NITRATES
    <trim prefix="(" suffix=")" suffixOverrides=",">
      <if test="APN_APPLICATION_ID != null">
        APN_APPLICATION_ID,
      </if>
      <if test="APN_DATE_APPLIC_RECIEVED != null">
        APN_DATE_APPLIC_RECIEVED,
      </if>
      <if test="APN_DATE_APPLIC_SUBMITTED != null">
        APN_DATE_APPLIC_SUBMITTED,
      </if>
      <if test="APN_NET_AREA_OF_HOLDING != null">
        APN_NET_AREA_OF_HOLDING,
      </if>
      <if test="APN_NITROGEN_FROM_LIVESTOCK != null">
        APN_NITROGEN_FROM_LIVESTOCK,
      </if>
      <if test="APN_NITROGEN_APPLIED != null">
        APN_NITROGEN_APPLIED,
      </if>
      <if test="APN_NITROGEN_EXPORTED != null">
        APN_NITROGEN_EXPORTED,
      </if>
      <if test="APN_NET_GRASSLAND != null">
        APN_NET_GRASSLAND,
      </if>
      <if test="APN_CATTLE != null">
        APN_CATTLE,
      </if>
      <if test="APN_SHEEP != null">
        APN_SHEEP,
      </if>
      <if test="APN_PIGS != null">
        APN_PIGS,
      </if>
      <if test="APN_POULTRY != null">
        APN_POULTRY,
      </if>
      <if test="APN_HORSES != null">
        APN_HORSES,
      </if>
      <if test="APN_GOATS != null">
        APN_GOATS,
      </if>
      <if test="APN_DEER != null">
        APN_DEER,
      </if>
      <if test="APN_OTHER_LIVESTOCK != null">
        APN_OTHER_LIVESTOCK,
      </if>
      <if test="APN_NITRATE_ZONE != null">
        APN_NITRATE_ZONE,
      </if>
      <if test="APN_GRASS_LAND_PERCENT != null">
        APN_GRASS_LAND_PERCENT,
      </if>
      <if test="APN_LAST_SOIL_SAMPLE_SUBMITED != null">
        APN_LAST_SOIL_SAMPLE_SUBMITED,
      </if>
      <if test="APN_HAS_DOC_MAP != null">
        APN_HAS_DOC_MAP,
      </if>
      <if test="APN_REPS_4_APPROVED != null">
        APN_REPS_4_APPROVED,
      </if>
      <if test="APN_HOLDING_AREA_BPS != null">
        APN_HOLDING_AREA_BPS,
      </if>
      <if test="APN_GRASSLAND_AREA_BPS != null">
        APN_GRASSLAND_AREA_BPS,
      </if>
      <if test="APN_BPS_MANUAL_RECORDING_IND != null">
        APN_BPS_MANUAL_RECORDING_IND,
      </if>
      <if test="APN_BPS_MANUAL_CHECK_COMP_IND != null">
        APN_BPS_MANUAL_CHECK_COMP_IND,
      </if>
      <if test="APN_LAST_SOIL_SAMPLE_ONLINE != null">
        APN_LAST_SOIL_SAMPLE_ONLINE,
      </if>
      <if test="APN_AMOUNT_SLURRY_SPREAD != null">
        APN_AMOUNT_SLURRY_SPREAD,
      </if>
      <if test="APN_AHCS_NO_ANIMALS_RECORDED != null">
        APN_AHCS_NO_ANIMALS_RECORDED,
      </if>
      <if test="APN_AHCS_MANUAL_RECORDING_IND != null">
        APN_AHCS_MANUAL_RECORDING_IND,
      </if>
      <if test="APN_AHCS_MANUAL_CHECK_COMP_IND != null">
        APN_AHCS_MANUAL_CHECK_COMP_IND,
      </if>
      <if test="APN_STORAGE_PERIOD != null">
        APN_STORAGE_PERIOD,
      </if>
      <if test="APN_TERMS_CONDITIONS_IND != null">
        APN_TERMS_CONDITIONS_IND,
      </if>
      <if test="APN_BDMEASURE_WBTHORN_TRLFT_ID != null">
        APN_BDMEASURE_WBTHORN_TRLFT_ID,
      </if>
      <if test="APN_BDMEASURE_MAINTAIN_HROW_ID != null">
        APN_BDMEASURE_MAINTAIN_HROW_ID,
      </if>
      <if test="APN_BDMEASURE_CUT_HEDGROW_ID != null">
        APN_BDMEASURE_CUT_HEDGROW_ID,
      </if>
      <if test="APN_COMMENTS != null">
        APN_COMMENTS,
      </if>
      <if test="APN_VER_NUM != null">
        APN_VER_NUM,
      </if>
      <if test="APN_AUDIT_USER != null">
        APN_AUDIT_USER,
      </if>
      <if test="APN_AUDIT_DATE != null">
        APN_AUDIT_DATE,
      </if>
      <if test="APN_AUDIT_ACTION != null">
        APN_AUDIT_ACTION,
      </if>
      <if test="APN_AUDIT_LOCATION != null">
        APN_AUDIT_LOCATION,
      </if>
      <if test="APN_AUDIT_PROCESS != null">
        APN_AUDIT_PROCESS,
      </if>
      <if test="APN_AUDIT_USERID != null">
        APN_AUDIT_USERID,
      </if>
      <if test="APN_TRAINING_GRASSLAND_IND != null">
        APN_TRAINING_GRASSLAND_IND,
      </if>
      <if test="APN_TRAINING_ENVIRONMENTAL_IND != null">
        APN_TRAINING_ENVIRONMENTAL_IND,
      </if>
    </trim>
    <trim prefix="values (" suffix=")" suffixOverrides=",">
      <if test="APN_APPLICATION_ID != null">
        #{APN_APPLICATION_ID,jdbcType=DECIMAL},
      </if>
      <if test="APN_DATE_APPLIC_RECIEVED != null">
        #{APN_DATE_APPLIC_RECIEVED,jdbcType=TIMESTAMP},
      </if>
      <if test="APN_DATE_APPLIC_SUBMITTED != null">
        #{APN_DATE_APPLIC_SUBMITTED,jdbcType=TIMESTAMP},
      </if>
      <if test="APN_NET_AREA_OF_HOLDING != null">
        #{APN_NET_AREA_OF_HOLDING,jdbcType=DECIMAL},
      </if>
      <if test="APN_NITROGEN_FROM_LIVESTOCK != null">
        #{APN_NITROGEN_FROM_LIVESTOCK,jdbcType=DECIMAL},
      </if>
      <if test="APN_NITROGEN_APPLIED != null">
        #{APN_NITROGEN_APPLIED,jdbcType=DECIMAL},
      </if>
      <if test="APN_NITROGEN_EXPORTED != null">
        #{APN_NITROGEN_EXPORTED,jdbcType=DECIMAL},
      </if>
      <if test="APN_NET_GRASSLAND != null">
        #{APN_NET_GRASSLAND,jdbcType=DECIMAL},
      </if>
      <if test="APN_CATTLE != null">
        #{APN_CATTLE,jdbcType=DECIMAL},
      </if>
      <if test="APN_SHEEP != null">
        #{APN_SHEEP,jdbcType=DECIMAL},
      </if>
      <if test="APN_PIGS != null">
        #{APN_PIGS,jdbcType=DECIMAL},
      </if>
      <if test="APN_POULTRY != null">
        #{APN_POULTRY,jdbcType=DECIMAL},
      </if>
      <if test="APN_HORSES != null">
        #{APN_HORSES,jdbcType=DECIMAL},
      </if>
      <if test="APN_GOATS != null">
        #{APN_GOATS,jdbcType=DECIMAL},
      </if>
      <if test="APN_DEER != null">
        #{APN_DEER,jdbcType=DECIMAL},
      </if>
      <if test="APN_OTHER_LIVESTOCK != null">
        #{APN_OTHER_LIVESTOCK,jdbcType=DECIMAL},
      </if>
      <if test="APN_NITRATE_ZONE != null">
        #{APN_NITRATE_ZONE,jdbcType=VARCHAR},
      </if>
      <if test="APN_GRASS_LAND_PERCENT != null">
        #{APN_GRASS_LAND_PERCENT,jdbcType=DECIMAL},
      </if>
      <if test="APN_LAST_SOIL_SAMPLE_SUBMITED != null">
        #{APN_LAST_SOIL_SAMPLE_SUBMITED,jdbcType=TIMESTAMP},
      </if>
      <if test="APN_HAS_DOC_MAP != null">
        #{APN_HAS_DOC_MAP,jdbcType=DECIMAL},
      </if>
      <if test="APN_REPS_4_APPROVED != null">
        #{APN_REPS_4_APPROVED,jdbcType=DECIMAL},
      </if>
      <if test="APN_HOLDING_AREA_BPS != null">
        #{APN_HOLDING_AREA_BPS,jdbcType=DECIMAL},
      </if>
      <if test="APN_GRASSLAND_AREA_BPS != null">
        #{APN_GRASSLAND_AREA_BPS,jdbcType=DECIMAL},
      </if>
      <if test="APN_BPS_MANUAL_RECORDING_IND != null">
        #{APN_BPS_MANUAL_RECORDING_IND,jdbcType=DECIMAL},
      </if>
      <if test="APN_BPS_MANUAL_CHECK_COMP_IND != null">
        #{APN_BPS_MANUAL_CHECK_COMP_IND,jdbcType=DECIMAL},
      </if>
      <if test="APN_LAST_SOIL_SAMPLE_ONLINE != null">
        #{APN_LAST_SOIL_SAMPLE_ONLINE,jdbcType=TIMESTAMP},
      </if>
      <if test="APN_AMOUNT_SLURRY_SPREAD != null">
        #{APN_AMOUNT_SLURRY_SPREAD,jdbcType=DECIMAL},
      </if>
      <if test="APN_AHCS_NO_ANIMALS_RECORDED != null">
        #{APN_AHCS_NO_ANIMALS_RECORDED,jdbcType=DECIMAL},
      </if>
      <if test="APN_AHCS_MANUAL_RECORDING_IND != null">
        #{APN_AHCS_MANUAL_RECORDING_IND,jdbcType=DECIMAL},
      </if>
      <if test="APN_AHCS_MANUAL_CHECK_COMP_IND != null">
        #{APN_AHCS_MANUAL_CHECK_COMP_IND,jdbcType=DECIMAL},
      </if>
      <if test="APN_STORAGE_PERIOD != null">
        #{APN_STORAGE_PERIOD,jdbcType=DECIMAL},
      </if>
      <if test="APN_TERMS_CONDITIONS_IND != null">
        #{APN_TERMS_CONDITIONS_IND,jdbcType=DECIMAL},
      </if>
      <if test="APN_BDMEASURE_WBTHORN_TRLFT_ID != null">
        #{APN_BDMEASURE_WBTHORN_TRLFT_ID,jdbcType=DECIMAL},
      </if>
      <if test="APN_BDMEASURE_MAINTAIN_HROW_ID != null">
        #{APN_BDMEASURE_MAINTAIN_HROW_ID,jdbcType=DECIMAL},
      </if>
      <if test="APN_BDMEASURE_CUT_HEDGROW_ID != null">
        #{APN_BDMEASURE_CUT_HEDGROW_ID,jdbcType=DECIMAL},
      </if>
      <if test="APN_COMMENTS != null">
        #{APN_COMMENTS,jdbcType=VARCHAR},
      </if>
      <if test="APN_VER_NUM != null">
        #{APN_VER_NUM,jdbcType=DECIMAL},
      </if>
      <if test="APN_AUDIT_USER != null">
        #{APN_AUDIT_USER,jdbcType=VARCHAR},
      </if>
      <if test="APN_AUDIT_DATE != null">
        #{APN_AUDIT_DATE,jdbcType=TIMESTAMP},
      </if>
      <if test="APN_AUDIT_ACTION != null">
        #{APN_AUDIT_ACTION,jdbcType=VARCHAR},
      </if>
      <if test="APN_AUDIT_LOCATION != null">
        #{APN_AUDIT_LOCATION,jdbcType=VARCHAR},
      </if>
      <if test="APN_AUDIT_PROCESS != null">
        #{APN_AUDIT_PROCESS,jdbcType=VARCHAR},
      </if>
      <if test="APN_AUDIT_USERID != null">
        #{APN_AUDIT_USERID,jdbcType=DECIMAL},
      </if>
      <if test="APN_TRAINING_GRASSLAND_IND != null">
        #{APN_TRAINING_GRASSLAND_IND,jdbcType=DECIMAL},
      </if>
      <if test="APN_TRAINING_ENVIRONMENTAL_IND != null">
        #{APN_TRAINING_ENVIRONMENTAL_IND,jdbcType=DECIMAL},
      </if>
    </trim>
  </insert>
  <select id="countByExample" parameterType="ie.gov.agriculture.agschemes.dao.TDAS_APPLICATIONS_NITRATESExample" resultType="java.lang.Long">
    <!--
      WARNING - @mbg.generated
      This element is automatically generated by MyBatis Generator, do not modify.
      This element was generated on Tue Mar 02 16:43:23 GMT 2021.
    -->
    select count(*) from TDAS_APPLICATIONS_NITRATES
    <if test="_parameter != null">
      <include refid="Example_Where_Clause" />
    </if>
  </select>
  <update id="updateByExampleSelective" parameterType="map">
    <!--
      WARNING - @mbg.generated
      This element is automatically generated by MyBatis Generator, do not modify.
      This element was generated on Tue Mar 02 16:43:23 GMT 2021.
    -->
    update TDAS_APPLICATIONS_NITRATES
    <set>
      <if test="record.APN_APPLICATION_ID != null">
        APN_APPLICATION_ID = #{record.APN_APPLICATION_ID,jdbcType=DECIMAL},
      </if>
      <if test="record.APN_DATE_APPLIC_RECIEVED != null">
        APN_DATE_APPLIC_RECIEVED = #{record.APN_DATE_APPLIC_RECIEVED,jdbcType=TIMESTAMP},
      </if>
      <if test="record.APN_DATE_APPLIC_SUBMITTED != null">
        APN_DATE_APPLIC_SUBMITTED = #{record.APN_DATE_APPLIC_SUBMITTED,jdbcType=TIMESTAMP},
      </if>
      <if test="record.APN_NET_AREA_OF_HOLDING != null">
        APN_NET_AREA_OF_HOLDING = #{record.APN_NET_AREA_OF_HOLDING,jdbcType=DECIMAL},
      </if>
      <if test="record.APN_NITROGEN_FROM_LIVESTOCK != null">
        APN_NITROGEN_FROM_LIVESTOCK = #{record.APN_NITROGEN_FROM_LIVESTOCK,jdbcType=DECIMAL},
      </if>
      <if test="record.APN_NITROGEN_APPLIED != null">
        APN_NITROGEN_APPLIED = #{record.APN_NITROGEN_APPLIED,jdbcType=DECIMAL},
      </if>
      <if test="record.APN_NITROGEN_EXPORTED != null">
        APN_NITROGEN_EXPORTED = #{record.APN_NITROGEN_EXPORTED,jdbcType=DECIMAL},
      </if>
      <if test="record.APN_NET_GRASSLAND != null">
        APN_NET_GRASSLAND = #{record.APN_NET_GRASSLAND,jdbcType=DECIMAL},
      </if>
      <if test="record.APN_CATTLE != null">
        APN_CATTLE = #{record.APN_CATTLE,jdbcType=DECIMAL},
      </if>
      <if test="record.APN_SHEEP != null">
        APN_SHEEP = #{record.APN_SHEEP,jdbcType=DECIMAL},
      </if>
      <if test="record.APN_PIGS != null">
        APN_PIGS = #{record.APN_PIGS,jdbcType=DECIMAL},
      </if>
      <if test="record.APN_POULTRY != null">
        APN_POULTRY = #{record.APN_POULTRY,jdbcType=DECIMAL},
      </if>
      <if test="record.APN_HORSES != null">
        APN_HORSES = #{record.APN_HORSES,jdbcType=DECIMAL},
      </if>
      <if test="record.APN_GOATS != null">
        APN_GOATS = #{record.APN_GOATS,jdbcType=DECIMAL},
      </if>
      <if test="record.APN_DEER != null">
        APN_DEER = #{record.APN_DEER,jdbcType=DECIMAL},
      </if>
      <if test="record.APN_OTHER_LIVESTOCK != null">
        APN_OTHER_LIVESTOCK = #{record.APN_OTHER_LIVESTOCK,jdbcType=DECIMAL},
      </if>
      <if test="record.APN_NITRATE_ZONE != null">
        APN_NITRATE_ZONE = #{record.APN_NITRATE_ZONE,jdbcType=VARCHAR},
      </if>
      <if test="record.APN_GRASS_LAND_PERCENT != null">
        APN_GRASS_LAND_PERCENT = #{record.APN_GRASS_LAND_PERCENT,jdbcType=DECIMAL},
      </if>
      <if test="record.APN_LAST_SOIL_SAMPLE_SUBMITED != null">
        APN_LAST_SOIL_SAMPLE_SUBMITED = #{record.APN_LAST_SOIL_SAMPLE_SUBMITED,jdbcType=TIMESTAMP},
      </if>
      <if test="record.APN_HAS_DOC_MAP != null">
        APN_HAS_DOC_MAP = #{record.APN_HAS_DOC_MAP,jdbcType=DECIMAL},
      </if>
      <if test="record.APN_REPS_4_APPROVED != null">
        APN_REPS_4_APPROVED = #{record.APN_REPS_4_APPROVED,jdbcType=DECIMAL},
      </if>
      <if test="record.APN_HOLDING_AREA_BPS != null">
        APN_HOLDING_AREA_BPS = #{record.APN_HOLDING_AREA_BPS,jdbcType=DECIMAL},
      </if>
      <if test="record.APN_GRASSLAND_AREA_BPS != null">
        APN_GRASSLAND_AREA_BPS = #{record.APN_GRASSLAND_AREA_BPS,jdbcType=DECIMAL},
      </if>
      <if test="record.APN_BPS_MANUAL_RECORDING_IND != null">
        APN_BPS_MANUAL_RECORDING_IND = #{record.APN_BPS_MANUAL_RECORDING_IND,jdbcType=DECIMAL},
      </if>
      <if test="record.APN_BPS_MANUAL_CHECK_COMP_IND != null">
        APN_BPS_MANUAL_CHECK_COMP_IND = #{record.APN_BPS_MANUAL_CHECK_COMP_IND,jdbcType=DECIMAL},
      </if>
      <if test="record.APN_LAST_SOIL_SAMPLE_ONLINE != null">
        APN_LAST_SOIL_SAMPLE_ONLINE = #{record.APN_LAST_SOIL_SAMPLE_ONLINE,jdbcType=TIMESTAMP},
      </if>
      <if test="record.APN_AMOUNT_SLURRY_SPREAD != null">
        APN_AMOUNT_SLURRY_SPREAD = #{record.APN_AMOUNT_SLURRY_SPREAD,jdbcType=DECIMAL},
      </if>
      <if test="record.APN_AHCS_NO_ANIMALS_RECORDED != null">
        APN_AHCS_NO_ANIMALS_RECORDED = #{record.APN_AHCS_NO_ANIMALS_RECORDED,jdbcType=DECIMAL},
      </if>
      <if test="record.APN_AHCS_MANUAL_RECORDING_IND != null">
        APN_AHCS_MANUAL_RECORDING_IND = #{record.APN_AHCS_MANUAL_RECORDING_IND,jdbcType=DECIMAL},
      </if>
      <if test="record.APN_AHCS_MANUAL_CHECK_COMP_IND != null">
        APN_AHCS_MANUAL_CHECK_COMP_IND = #{record.APN_AHCS_MANUAL_CHECK_COMP_IND,jdbcType=DECIMAL},
      </if>
      <if test="record.APN_STORAGE_PERIOD != null">
        APN_STORAGE_PERIOD = #{record.APN_STORAGE_PERIOD,jdbcType=DECIMAL},
      </if>
      <if test="record.APN_TERMS_CONDITIONS_IND != null">
        APN_TERMS_CONDITIONS_IND = #{record.APN_TERMS_CONDITIONS_IND,jdbcType=DECIMAL},
      </if>
      <if test="record.APN_BDMEASURE_WBTHORN_TRLFT_ID != null">
        APN_BDMEASURE_WBTHORN_TRLFT_ID = #{record.APN_BDMEASURE_WBTHORN_TRLFT_ID,jdbcType=DECIMAL},
      </if>
      <if test="record.APN_BDMEASURE_MAINTAIN_HROW_ID != null">
        APN_BDMEASURE_MAINTAIN_HROW_ID = #{record.APN_BDMEASURE_MAINTAIN_HROW_ID,jdbcType=DECIMAL},
      </if>
      <if test="record.APN_BDMEASURE_CUT_HEDGROW_ID != null">
        APN_BDMEASURE_CUT_HEDGROW_ID = #{record.APN_BDMEASURE_CUT_HEDGROW_ID,jdbcType=DECIMAL},
      </if>
      <if test="record.APN_COMMENTS != null">
        APN_COMMENTS = #{record.APN_COMMENTS,jdbcType=VARCHAR},
      </if>
      <if test="record.APN_VER_NUM != null">
        APN_VER_NUM = #{record.APN_VER_NUM,jdbcType=DECIMAL},
      </if>
      <if test="record.APN_AUDIT_USER != null">
        APN_AUDIT_USER = #{record.APN_AUDIT_USER,jdbcType=VARCHAR},
      </if>
      <if test="record.APN_AUDIT_DATE != null">
        APN_AUDIT_DATE = #{record.APN_AUDIT_DATE,jdbcType=TIMESTAMP},
      </if>
      <if test="record.APN_AUDIT_ACTION != null">
        APN_AUDIT_ACTION = #{record.APN_AUDIT_ACTION,jdbcType=VARCHAR},
      </if>
      <if test="record.APN_AUDIT_LOCATION != null">
        APN_AUDIT_LOCATION = #{record.APN_AUDIT_LOCATION,jdbcType=VARCHAR},
      </if>
      <if test="record.APN_AUDIT_PROCESS != null">
        APN_AUDIT_PROCESS = #{record.APN_AUDIT_PROCESS,jdbcType=VARCHAR},
      </if>
      <if test="record.APN_AUDIT_USERID != null">
        APN_AUDIT_USERID = #{record.APN_AUDIT_USERID,jdbcType=DECIMAL},
      </if>
      <if test="record.APN_TRAINING_GRASSLAND_IND != null">
        APN_TRAINING_GRASSLAND_IND = #{record.APN_TRAINING_GRASSLAND_IND,jdbcType=DECIMAL},
      </if>
      <if test="record.APN_TRAINING_ENVIRONMENTAL_IND != null">
        APN_TRAINING_ENVIRONMENTAL_IND = #{record.APN_TRAINING_ENVIRONMENTAL_IND,jdbcType=DECIMAL},
      </if>
    </set>
    <if test="_parameter != null">
      <include refid="Update_By_Example_Where_Clause" />
    </if>
  </update>
  <update id="updateByExample" parameterType="map">
    <!--
      WARNING - @mbg.generated
      This element is automatically generated by MyBatis Generator, do not modify.
      This element was generated on Tue Mar 02 16:43:23 GMT 2021.
    -->
    update TDAS_APPLICATIONS_NITRATES
    set APN_APPLICATION_ID = #{record.APN_APPLICATION_ID,jdbcType=DECIMAL},
      APN_DATE_APPLIC_RECIEVED = #{record.APN_DATE_APPLIC_RECIEVED,jdbcType=TIMESTAMP},
      APN_DATE_APPLIC_SUBMITTED = #{record.APN_DATE_APPLIC_SUBMITTED,jdbcType=TIMESTAMP},
      APN_NET_AREA_OF_HOLDING = #{record.APN_NET_AREA_OF_HOLDING,jdbcType=DECIMAL},
      APN_NITROGEN_FROM_LIVESTOCK = #{record.APN_NITROGEN_FROM_LIVESTOCK,jdbcType=DECIMAL},
      APN_NITROGEN_APPLIED = #{record.APN_NITROGEN_APPLIED,jdbcType=DECIMAL},
      APN_NITROGEN_EXPORTED = #{record.APN_NITROGEN_EXPORTED,jdbcType=DECIMAL},
      APN_NET_GRASSLAND = #{record.APN_NET_GRASSLAND,jdbcType=DECIMAL},
      APN_CATTLE = #{record.APN_CATTLE,jdbcType=DECIMAL},
      APN_SHEEP = #{record.APN_SHEEP,jdbcType=DECIMAL},
      APN_PIGS = #{record.APN_PIGS,jdbcType=DECIMAL},
      APN_POULTRY = #{record.APN_POULTRY,jdbcType=DECIMAL},
      APN_HORSES = #{record.APN_HORSES,jdbcType=DECIMAL},
      APN_GOATS = #{record.APN_GOATS,jdbcType=DECIMAL},
      APN_DEER = #{record.APN_DEER,jdbcType=DECIMAL},
      APN_OTHER_LIVESTOCK = #{record.APN_OTHER_LIVESTOCK,jdbcType=DECIMAL},
      APN_NITRATE_ZONE = #{record.APN_NITRATE_ZONE,jdbcType=VARCHAR},
      APN_GRASS_LAND_PERCENT = #{record.APN_GRASS_LAND_PERCENT,jdbcType=DECIMAL},
      APN_LAST_SOIL_SAMPLE_SUBMITED = #{record.APN_LAST_SOIL_SAMPLE_SUBMITED,jdbcType=TIMESTAMP},
      APN_HAS_DOC_MAP = #{record.APN_HAS_DOC_MAP,jdbcType=DECIMAL},
      APN_REPS_4_APPROVED = #{record.APN_REPS_4_APPROVED,jdbcType=DECIMAL},
      APN_HOLDING_AREA_BPS = #{record.APN_HOLDING_AREA_BPS,jdbcType=DECIMAL},
      APN_GRASSLAND_AREA_BPS = #{record.APN_GRASSLAND_AREA_BPS,jdbcType=DECIMAL},
      APN_BPS_MANUAL_RECORDING_IND = #{record.APN_BPS_MANUAL_RECORDING_IND,jdbcType=DECIMAL},
      APN_BPS_MANUAL_CHECK_COMP_IND = #{record.APN_BPS_MANUAL_CHECK_COMP_IND,jdbcType=DECIMAL},
      APN_LAST_SOIL_SAMPLE_ONLINE = #{record.APN_LAST_SOIL_SAMPLE_ONLINE,jdbcType=TIMESTAMP},
      APN_AMOUNT_SLURRY_SPREAD = #{record.APN_AMOUNT_SLURRY_SPREAD,jdbcType=DECIMAL},
      APN_AHCS_NO_ANIMALS_RECORDED = #{record.APN_AHCS_NO_ANIMALS_RECORDED,jdbcType=DECIMAL},
      APN_AHCS_MANUAL_RECORDING_IND = #{record.APN_AHCS_MANUAL_RECORDING_IND,jdbcType=DECIMAL},
      APN_AHCS_MANUAL_CHECK_COMP_IND = #{record.APN_AHCS_MANUAL_CHECK_COMP_IND,jdbcType=DECIMAL},
      APN_STORAGE_PERIOD = #{record.APN_STORAGE_PERIOD,jdbcType=DECIMAL},
      APN_TERMS_CONDITIONS_IND = #{record.APN_TERMS_CONDITIONS_IND,jdbcType=DECIMAL},
      APN_BDMEASURE_WBTHORN_TRLFT_ID = #{record.APN_BDMEASURE_WBTHORN_TRLFT_ID,jdbcType=DECIMAL},
      APN_BDMEASURE_MAINTAIN_HROW_ID = #{record.APN_BDMEASURE_MAINTAIN_HROW_ID,jdbcType=DECIMAL},
      APN_BDMEASURE_CUT_HEDGROW_ID = #{record.APN_BDMEASURE_CUT_HEDGROW_ID,jdbcType=DECIMAL},
      APN_COMMENTS = #{record.APN_COMMENTS,jdbcType=VARCHAR},
      APN_VER_NUM = #{record.APN_VER_NUM,jdbcType=DECIMAL},
      APN_AUDIT_USER = #{record.APN_AUDIT_USER,jdbcType=VARCHAR},
      APN_AUDIT_DATE = #{record.APN_AUDIT_DATE,jdbcType=TIMESTAMP},
      APN_AUDIT_ACTION = #{record.APN_AUDIT_ACTION,jdbcType=VARCHAR},
      APN_AUDIT_LOCATION = #{record.APN_AUDIT_LOCATION,jdbcType=VARCHAR},
      APN_AUDIT_PROCESS = #{record.APN_AUDIT_PROCESS,jdbcType=VARCHAR},
      APN_AUDIT_USERID = #{record.APN_AUDIT_USERID,jdbcType=DECIMAL},
      APN_TRAINING_GRASSLAND_IND = #{record.APN_TRAINING_GRASSLAND_IND,jdbcType=DECIMAL},
      APN_TRAINING_ENVIRONMENTAL_IND = #{record.APN_TRAINING_ENVIRONMENTAL_IND,jdbcType=DECIMAL}
    <if test="_parameter != null">
      <include refid="Update_By_Example_Where_Clause" />
    </if>
  </update>
  <update id="updateByPrimaryKeySelective" parameterType="ie.gov.agriculture.agschemes.dao.TDAS_APPLICATIONS_NITRATES">
    <!--
      WARNING - @mbg.generated
      This element is automatically generated by MyBatis Generator, do not modify.
      This element was generated on Tue Mar 02 16:43:23 GMT 2021.
    -->
    update TDAS_APPLICATIONS_NITRATES
    <set>
      <if test="APN_DATE_APPLIC_RECIEVED != null">
        APN_DATE_APPLIC_RECIEVED = #{APN_DATE_APPLIC_RECIEVED,jdbcType=TIMESTAMP},
      </if>
      <if test="APN_DATE_APPLIC_SUBMITTED != null">
        APN_DATE_APPLIC_SUBMITTED = #{APN_DATE_APPLIC_SUBMITTED,jdbcType=TIMESTAMP},
      </if>
      <if test="APN_NET_AREA_OF_HOLDING != null">
        APN_NET_AREA_OF_HOLDING = #{APN_NET_AREA_OF_HOLDING,jdbcType=DECIMAL},
      </if>
      <if test="APN_NITROGEN_FROM_LIVESTOCK != null">
        APN_NITROGEN_FROM_LIVESTOCK = #{APN_NITROGEN_FROM_LIVESTOCK,jdbcType=DECIMAL},
      </if>
      <if test="APN_NITROGEN_APPLIED != null">
        APN_NITROGEN_APPLIED = #{APN_NITROGEN_APPLIED,jdbcType=DECIMAL},
      </if>
      <if test="APN_NITROGEN_EXPORTED != null">
        APN_NITROGEN_EXPORTED = #{APN_NITROGEN_EXPORTED,jdbcType=DECIMAL},
      </if>
      <if test="APN_NET_GRASSLAND != null">
        APN_NET_GRASSLAND = #{APN_NET_GRASSLAND,jdbcType=DECIMAL},
      </if>
      <if test="APN_CATTLE != null">
        APN_CATTLE = #{APN_CATTLE,jdbcType=DECIMAL},
      </if>
      <if test="APN_SHEEP != null">
        APN_SHEEP = #{APN_SHEEP,jdbcType=DECIMAL},
      </if>
      <if test="APN_PIGS != null">
        APN_PIGS = #{APN_PIGS,jdbcType=DECIMAL},
      </if>
      <if test="APN_POULTRY != null">
        APN_POULTRY = #{APN_POULTRY,jdbcType=DECIMAL},
      </if>
      <if test="APN_HORSES != null">
        APN_HORSES = #{APN_HORSES,jdbcType=DECIMAL},
      </if>
      <if test="APN_GOATS != null">
        APN_GOATS = #{APN_GOATS,jdbcType=DECIMAL},
      </if>
      <if test="APN_DEER != null">
        APN_DEER = #{APN_DEER,jdbcType=DECIMAL},
      </if>
      <if test="APN_OTHER_LIVESTOCK != null">
        APN_OTHER_LIVESTOCK = #{APN_OTHER_LIVESTOCK,jdbcType=DECIMAL},
      </if>
      <if test="APN_NITRATE_ZONE != null">
        APN_NITRATE_ZONE = #{APN_NITRATE_ZONE,jdbcType=VARCHAR},
      </if>
      <if test="APN_GRASS_LAND_PERCENT != null">
        APN_GRASS_LAND_PERCENT = #{APN_GRASS_LAND_PERCENT,jdbcType=DECIMAL},
      </if>
      <if test="APN_LAST_SOIL_SAMPLE_SUBMITED != null">
        APN_LAST_SOIL_SAMPLE_SUBMITED = #{APN_LAST_SOIL_SAMPLE_SUBMITED,jdbcType=TIMESTAMP},
      </if>
      <if test="APN_HAS_DOC_MAP != null">
        APN_HAS_DOC_MAP = #{APN_HAS_DOC_MAP,jdbcType=DECIMAL},
      </if>
      <if test="APN_REPS_4_APPROVED != null">
        APN_REPS_4_APPROVED = #{APN_REPS_4_APPROVED,jdbcType=DECIMAL},
      </if>
      <if test="APN_HOLDING_AREA_BPS != null">
        APN_HOLDING_AREA_BPS = #{APN_HOLDING_AREA_BPS,jdbcType=DECIMAL},
      </if>
      <if test="APN_GRASSLAND_AREA_BPS != null">
        APN_GRASSLAND_AREA_BPS = #{APN_GRASSLAND_AREA_BPS,jdbcType=DECIMAL},
      </if>
      <if test="APN_BPS_MANUAL_RECORDING_IND != null">
        APN_BPS_MANUAL_RECORDING_IND = #{APN_BPS_MANUAL_RECORDING_IND,jdbcType=DECIMAL},
      </if>
      <if test="APN_BPS_MANUAL_CHECK_COMP_IND != null">
        APN_BPS_MANUAL_CHECK_COMP_IND = #{APN_BPS_MANUAL_CHECK_COMP_IND,jdbcType=DECIMAL},
      </if>
      <if test="APN_LAST_SOIL_SAMPLE_ONLINE != null">
        APN_LAST_SOIL_SAMPLE_ONLINE = #{APN_LAST_SOIL_SAMPLE_ONLINE,jdbcType=TIMESTAMP},
      </if>
      <if test="APN_AMOUNT_SLURRY_SPREAD != null">
        APN_AMOUNT_SLURRY_SPREAD = #{APN_AMOUNT_SLURRY_SPREAD,jdbcType=DECIMAL},
      </if>
      <if test="APN_AHCS_NO_ANIMALS_RECORDED != null">
        APN_AHCS_NO_ANIMALS_RECORDED = #{APN_AHCS_NO_ANIMALS_RECORDED,jdbcType=DECIMAL},
      </if>
      <if test="APN_AHCS_MANUAL_RECORDING_IND != null">
        APN_AHCS_MANUAL_RECORDING_IND = #{APN_AHCS_MANUAL_RECORDING_IND,jdbcType=DECIMAL},
      </if>
      <if test="APN_AHCS_MANUAL_CHECK_COMP_IND != null">
        APN_AHCS_MANUAL_CHECK_COMP_IND = #{APN_AHCS_MANUAL_CHECK_COMP_IND,jdbcType=DECIMAL},
      </if>
      <if test="APN_STORAGE_PERIOD != null">
        APN_STORAGE_PERIOD = #{APN_STORAGE_PERIOD,jdbcType=DECIMAL},
      </if>
      <if test="APN_TERMS_CONDITIONS_IND != null">
        APN_TERMS_CONDITIONS_IND = #{APN_TERMS_CONDITIONS_IND,jdbcType=DECIMAL},
      </if>
      <if test="APN_BDMEASURE_WBTHORN_TRLFT_ID != null">
        APN_BDMEASURE_WBTHORN_TRLFT_ID = #{APN_BDMEASURE_WBTHORN_TRLFT_ID,jdbcType=DECIMAL},
      </if>
      <if test="APN_BDMEASURE_MAINTAIN_HROW_ID != null">
        APN_BDMEASURE_MAINTAIN_HROW_ID = #{APN_BDMEASURE_MAINTAIN_HROW_ID,jdbcType=DECIMAL},
      </if>
      <if test="APN_BDMEASURE_CUT_HEDGROW_ID != null">
        APN_BDMEASURE_CUT_HEDGROW_ID = #{APN_BDMEASURE_CUT_HEDGROW_ID,jdbcType=DECIMAL},
      </if>
      <if test="APN_COMMENTS != null">
        APN_COMMENTS = #{APN_COMMENTS,jdbcType=VARCHAR},
      </if>
      <if test="APN_VER_NUM != null">
        APN_VER_NUM = #{APN_VER_NUM,jdbcType=DECIMAL},
      </if>
      <if test="APN_AUDIT_USER != null">
        APN_AUDIT_USER = #{APN_AUDIT_USER,jdbcType=VARCHAR},
      </if>
      <if test="APN_AUDIT_DATE != null">
        APN_AUDIT_DATE = #{APN_AUDIT_DATE,jdbcType=TIMESTAMP},
      </if>
      <if test="APN_AUDIT_ACTION != null">
        APN_AUDIT_ACTION = #{APN_AUDIT_ACTION,jdbcType=VARCHAR},
      </if>
      <if test="APN_AUDIT_LOCATION != null">
        APN_AUDIT_LOCATION = #{APN_AUDIT_LOCATION,jdbcType=VARCHAR},
      </if>
      <if test="APN_AUDIT_PROCESS != null">
        APN_AUDIT_PROCESS = #{APN_AUDIT_PROCESS,jdbcType=VARCHAR},
      </if>
      <if test="APN_AUDIT_USERID != null">
        APN_AUDIT_USERID = #{APN_AUDIT_USERID,jdbcType=DECIMAL},
      </if>
      <if test="APN_TRAINING_GRASSLAND_IND != null">
        APN_TRAINING_GRASSLAND_IND = #{APN_TRAINING_GRASSLAND_IND,jdbcType=DECIMAL},
      </if>
      <if test="APN_TRAINING_ENVIRONMENTAL_IND != null">
        APN_TRAINING_ENVIRONMENTAL_IND = #{APN_TRAINING_ENVIRONMENTAL_IND,jdbcType=DECIMAL},
      </if>
    </set>
    where APN_APPLICATION_ID = #{APN_APPLICATION_ID,jdbcType=DECIMAL}
  </update>
  <update id="updateByPrimaryKey" parameterType="ie.gov.agriculture.agschemes.dao.TDAS_APPLICATIONS_NITRATES">
    <!--
      WARNING - @mbg.generated
      This element is automatically generated by MyBatis Generator, do not modify.
      This element was generated on Tue Mar 02 16:43:23 GMT 2021.
    -->
    update TDAS_APPLICATIONS_NITRATES
    set APN_DATE_APPLIC_RECIEVED = #{APN_DATE_APPLIC_RECIEVED,jdbcType=TIMESTAMP},
      APN_DATE_APPLIC_SUBMITTED = #{APN_DATE_APPLIC_SUBMITTED,jdbcType=TIMESTAMP},
      APN_NET_AREA_OF_HOLDING = #{APN_NET_AREA_OF_HOLDING,jdbcType=DECIMAL},
      APN_NITROGEN_FROM_LIVESTOCK = #{APN_NITROGEN_FROM_LIVESTOCK,jdbcType=DECIMAL},
      APN_NITROGEN_APPLIED = #{APN_NITROGEN_APPLIED,jdbcType=DECIMAL},
      APN_NITROGEN_EXPORTED = #{APN_NITROGEN_EXPORTED,jdbcType=DECIMAL},
      APN_NET_GRASSLAND = #{APN_NET_GRASSLAND,jdbcType=DECIMAL},
      APN_CATTLE = #{APN_CATTLE,jdbcType=DECIMAL},
      APN_SHEEP = #{APN_SHEEP,jdbcType=DECIMAL},
      APN_PIGS = #{APN_PIGS,jdbcType=DECIMAL},
      APN_POULTRY = #{APN_POULTRY,jdbcType=DECIMAL},
      APN_HORSES = #{APN_HORSES,jdbcType=DECIMAL},
      APN_GOATS = #{APN_GOATS,jdbcType=DECIMAL},
      APN_DEER = #{APN_DEER,jdbcType=DECIMAL},
      APN_OTHER_LIVESTOCK = #{APN_OTHER_LIVESTOCK,jdbcType=DECIMAL},
      APN_NITRATE_ZONE = #{APN_NITRATE_ZONE,jdbcType=VARCHAR},
      APN_GRASS_LAND_PERCENT = #{APN_GRASS_LAND_PERCENT,jdbcType=DECIMAL},
      APN_LAST_SOIL_SAMPLE_SUBMITED = #{APN_LAST_SOIL_SAMPLE_SUBMITED,jdbcType=TIMESTAMP},
      APN_HAS_DOC_MAP = #{APN_HAS_DOC_MAP,jdbcType=DECIMAL},
      APN_REPS_4_APPROVED = #{APN_REPS_4_APPROVED,jdbcType=DECIMAL},
      APN_HOLDING_AREA_BPS = #{APN_HOLDING_AREA_BPS,jdbcType=DECIMAL},
      APN_GRASSLAND_AREA_BPS = #{APN_GRASSLAND_AREA_BPS,jdbcType=DECIMAL},
      APN_BPS_MANUAL_RECORDING_IND = #{APN_BPS_MANUAL_RECORDING_IND,jdbcType=DECIMAL},
      APN_BPS_MANUAL_CHECK_COMP_IND = #{APN_BPS_MANUAL_CHECK_COMP_IND,jdbcType=DECIMAL},
      APN_LAST_SOIL_SAMPLE_ONLINE = #{APN_LAST_SOIL_SAMPLE_ONLINE,jdbcType=TIMESTAMP},
      APN_AMOUNT_SLURRY_SPREAD = #{APN_AMOUNT_SLURRY_SPREAD,jdbcType=DECIMAL},
      APN_AHCS_NO_ANIMALS_RECORDED = #{APN_AHCS_NO_ANIMALS_RECORDED,jdbcType=DECIMAL},
      APN_AHCS_MANUAL_RECORDING_IND = #{APN_AHCS_MANUAL_RECORDING_IND,jdbcType=DECIMAL},
      APN_AHCS_MANUAL_CHECK_COMP_IND = #{APN_AHCS_MANUAL_CHECK_COMP_IND,jdbcType=DECIMAL},
      APN_STORAGE_PERIOD = #{APN_STORAGE_PERIOD,jdbcType=DECIMAL},
      APN_TERMS_CONDITIONS_IND = #{APN_TERMS_CONDITIONS_IND,jdbcType=DECIMAL},
      APN_BDMEASURE_WBTHORN_TRLFT_ID = #{APN_BDMEASURE_WBTHORN_TRLFT_ID,jdbcType=DECIMAL},
      APN_BDMEASURE_MAINTAIN_HROW_ID = #{APN_BDMEASURE_MAINTAIN_HROW_ID,jdbcType=DECIMAL},
      APN_BDMEASURE_CUT_HEDGROW_ID = #{APN_BDMEASURE_CUT_HEDGROW_ID,jdbcType=DECIMAL},
      APN_COMMENTS = #{APN_COMMENTS,jdbcType=VARCHAR},
      APN_VER_NUM = #{APN_VER_NUM,jdbcType=DECIMAL},
      APN_AUDIT_USER = #{APN_AUDIT_USER,jdbcType=VARCHAR},
      APN_AUDIT_DATE = #{APN_AUDIT_DATE,jdbcType=TIMESTAMP},
      APN_AUDIT_ACTION = #{APN_AUDIT_ACTION,jdbcType=VARCHAR},
      APN_AUDIT_LOCATION = #{APN_AUDIT_LOCATION,jdbcType=VARCHAR},
      APN_AUDIT_PROCESS = #{APN_AUDIT_PROCESS,jdbcType=VARCHAR},
      APN_AUDIT_USERID = #{APN_AUDIT_USERID,jdbcType=DECIMAL},
      APN_TRAINING_GRASSLAND_IND = #{APN_TRAINING_GRASSLAND_IND,jdbcType=DECIMAL},
      APN_TRAINING_ENVIRONMENTAL_IND = #{APN_TRAINING_ENVIRONMENTAL_IND,jdbcType=DECIMAL}
    where APN_APPLICATION_ID = #{APN_APPLICATION_ID,jdbcType=DECIMAL}
  </update>
</mapper>