<?xml version="1.0" encoding="UTF-8"?>
<!DOCTYPE mapper PUBLIC "-//mybatis.org//DTD Mapper 3.0//EN" "http://mybatis.org/dtd/mybatis-3-mapper.dtd">
<mapper namespace="ie.gov.agriculture.agschemes.dao.TDAS_APPLICATIONS_TRACKINGMapper">
  <resultMap id="BaseResultMap" type="ie.gov.agriculture.agschemes.dao.TDAS_APPLICATIONS_TRACKING">
    <!--
      WARNING - @mbg.generated
      This element is automatically generated by MyBatis Generator, do not modify.
      This element was generated on Thu May 20 10:54:30 BST 2021.
    -->
    <id column="AT_APPLICATION_TRACKING_ID" jdbcType="DECIMAL" property="AT_APPLICATION_TRACKING_ID" />
    <result column="AT_APPLICATION_ID" jdbcType="DECIMAL" property="AT_APPLICATION_ID" />
    <result column="AT_EVENT_CODE" jdbcType="DECIMAL" property="AT_EVENT_CODE" />
    <result column="AT_EVENT_REASON_ID" jdbcType="DECIMAL" property="AT_EVENT_REASON_ID" />
    <result column="AT_STATUS_CODE" jdbcType="DECIMAL" property="AT_STATUS_CODE" />
    <result column="AT_EVENT_STATUS_DATE" jdbcType="TIMESTAMP" property="AT_EVENT_STATUS_DATE" />
    <result column="AT_DESCRIPTION" jdbcType="VARCHAR" property="AT_DESCRIPTION" />
    <result column="AT_VER_NUM" jdbcType="DECIMAL" property="AT_VER_NUM" />
    <result column="AT_AUDIT_USER" jdbcType="VARCHAR" property="AT_AUDIT_USER" />
    <result column="AT_AUDIT_DATE" jdbcType="TIMESTAMP" property="AT_AUDIT_DATE" />
    <result column="AT_AUDIT_ACTION" jdbcType="VARCHAR" property="AT_AUDIT_ACTION" />
    <result column="AT_AUDIT_LOCATION" jdbcType="VARCHAR" property="AT_AUDIT_LOCATION" />
    <result column="AT_AUDIT_PROCESS" jdbcType="VARCHAR" property="AT_AUDIT_PROCESS" />
    <result column="AT_AUDIT_USERID" jdbcType="DECIMAL" property="AT_AUDIT_USERID" />
    <result column="AT_AUDIT_CUSTID" jdbcType="DECIMAL" property="AT_AUDIT_CUSTID" />
  </resultMap>
  <sql id="Example_Where_Clause">
    <!--
      WARNING - @mbg.generated
      This element is automatically generated by MyBatis Generator, do not modify.
      This element was generated on Thu May 20 10:54:30 BST 2021.
    -->
    <where>
      <foreach collection="oredCriteria" item="criteria" separator="or">
        <if test="criteria.valid">
          <trim prefix="(" prefixOverrides="and" suffix=")">
            <foreach collection="criteria.criteria" item="criterion">
              <choose>
                <when test="criterion.noValue">
                  and ${criterion.condition}
                </when>
                <when test="criterion.singleValue">
                  and ${criterion.condition} #{criterion.value}
                </when>
                <when test="criterion.betweenValue">
                  and ${criterion.condition} #{criterion.value} and #{criterion.secondValue}
                </when>
                <when test="criterion.listValue">
                  and ${criterion.condition}
                  <foreach close=")" collection="criterion.value" item="listItem" open="(" separator=",">
                    #{listItem}
                  </foreach>
                </when>
              </choose>
            </foreach>
          </trim>
        </if>
      </foreach>
    </where>
  </sql>
  <sql id="Update_By_Example_Where_Clause">
    <!--
      WARNING - @mbg.generated
      This element is automatically generated by MyBatis Generator, do not modify.
      This element was generated on Thu May 20 10:54:30 BST 2021.
    -->
    <where>
      <foreach collection="example.oredCriteria" item="criteria" separator="or">
        <if test="criteria.valid">
          <trim prefix="(" prefixOverrides="and" suffix=")">
            <foreach collection="criteria.criteria" item="criterion">
              <choose>
                <when test="criterion.noValue">
                  and ${criterion.condition}
                </when>
                <when test="criterion.singleValue">
                  and ${criterion.condition} #{criterion.value}
                </when>
                <when test="criterion.betweenValue">
                  and ${criterion.condition} #{criterion.value} and #{criterion.secondValue}
                </when>
                <when test="criterion.listValue">
                  and ${criterion.condition}
                  <foreach close=")" collection="criterion.value" item="listItem" open="(" separator=",">
                    #{listItem}
                  </foreach>
                </when>
              </choose>
            </foreach>
          </trim>
        </if>
      </foreach>
    </where>
  </sql>
  <sql id="Base_Column_List">
    <!--
      WARNING - @mbg.generated
      This element is automatically generated by MyBatis Generator, do not modify.
      This element was generated on Thu May 20 10:54:30 BST 2021.
    -->
    AT_APPLICATION_TRACKING_ID, AT_APPLICATION_ID, AT_EVENT_CODE, AT_EVENT_REASON_ID, 
    AT_STATUS_CODE, AT_EVENT_STATUS_DATE, AT_DESCRIPTION, AT_VER_NUM, AT_AUDIT_USER, 
    AT_AUDIT_DATE, AT_AUDIT_ACTION, AT_AUDIT_LOCATION, AT_AUDIT_PROCESS, AT_AUDIT_USERID, 
    AT_AUDIT_CUSTID
  </sql>
  <select id="selectByExample" parameterType="ie.gov.agriculture.agschemes.dao.TDAS_APPLICATIONS_TRACKINGExample" resultMap="BaseResultMap">
    <!--
      WARNING - @mbg.generated
      This element is automatically generated by MyBatis Generator, do not modify.
      This element was generated on Thu May 20 10:54:30 BST 2021.
    -->
    select
    <if test="distinct">
      distinct
    </if>
    <include refid="Base_Column_List" />
    from TDAS_APPLICATIONS_TRACKING
    <if test="_parameter != null">
      <include refid="Example_Where_Clause" />
    </if>
    <if test="orderByClause != null">
      order by ${orderByClause}
    </if>
  </select>
  <select id="select_by_application_id" parameterType="java.lang.String" resultMap="BaseResultMap">
    select
    <include refid="Base_Column_List" />
    from TDAS_APPLICATIONS_TRACKING
    where AT_APPLICATION_ID = #{AT_APPLICATION_ID}
  </select>
  <select id="delete_by_application_id" parameterType="java.lang.String" resultMap="BaseResultMap">
    delete from TDAS_APPLICATIONS_TRACKING
    where AT_APPLICATION_ID = #{AT_APPLICATION_ID}
  </select>
  <select id="selectByPrimaryKey" parameterType="java.math.BigDecimal" resultMap="BaseResultMap">
    <!--
      WARNING - @mbg.generated
      This element is automatically generated by MyBatis Generator, do not modify.
      This element was generated on Thu May 20 10:54:30 BST 2021.
    -->
    select 
    <include refid="Base_Column_List" />
    from TDAS_APPLICATIONS_TRACKING
    where AT_APPLICATION_TRACKING_ID = #{AT_APPLICATION_TRACKING_ID,jdbcType=DECIMAL}
  </select>
  <delete id="deleteByPrimaryKey" parameterType="java.math.BigDecimal">
    <!--
      WARNING - @mbg.generated
      This element is automatically generated by MyBatis Generator, do not modify.
      This element was generated on Thu May 20 10:54:30 BST 2021.
    -->
    delete from TDAS_APPLICATIONS_TRACKING
    where AT_APPLICATION_TRACKING_ID = #{AT_APPLICATION_TRACKING_ID,jdbcType=DECIMAL}
  </delete>
  <delete id="deleteByExample" parameterType="ie.gov.agriculture.agschemes.dao.TDAS_APPLICATIONS_TRACKINGExample">
    <!--
      WARNING - @mbg.generated
      This element is automatically generated by MyBatis Generator, do not modify.
      This element was generated on Thu May 20 10:54:30 BST 2021.
    -->
    delete from TDAS_APPLICATIONS_TRACKING
    <if test="_parameter != null">
      <include refid="Example_Where_Clause" />
    </if>
  </delete>
  <insert id="insert" parameterType="ie.gov.agriculture.agschemes.dao.TDAS_APPLICATIONS_TRACKING">
    <!--
      WARNING - @mbg.generated
      This element is automatically generated by MyBatis Generator, do not modify.
      This element was generated on Thu May 20 10:54:30 BST 2021.
    -->
    insert into TDAS_APPLICATIONS_TRACKING (AT_APPLICATION_TRACKING_ID, AT_APPLICATION_ID, 
      AT_EVENT_CODE, AT_EVENT_REASON_ID, AT_STATUS_CODE, 
      AT_EVENT_STATUS_DATE, AT_DESCRIPTION, 
      AT_VER_NUM, AT_AUDIT_USER, AT_AUDIT_DATE, 
      AT_AUDIT_ACTION, AT_AUDIT_LOCATION, AT_AUDIT_PROCESS, 
      AT_AUDIT_USERID, AT_AUDIT_CUSTID)
    values (#{AT_APPLICATION_TRACKING_ID,jdbcType=DECIMAL}, #{AT_APPLICATION_ID,jdbcType=DECIMAL}, 
      #{AT_EVENT_CODE,jdbcType=DECIMAL}, #{AT_EVENT_REASON_ID,jdbcType=DECIMAL}, #{AT_STATUS_CODE,jdbcType=DECIMAL}, 
      #{AT_EVENT_STATUS_DATE,jdbcType=TIMESTAMP}, #{AT_DESCRIPTION,jdbcType=VARCHAR}, 
      #{AT_VER_NUM,jdbcType=DECIMAL}, #{AT_AUDIT_USER,jdbcType=VARCHAR}, #{AT_AUDIT_DATE,jdbcType=TIMESTAMP}, 
      #{AT_AUDIT_ACTION,jdbcType=VARCHAR}, #{AT_AUDIT_LOCATION,jdbcType=VARCHAR}, #{AT_AUDIT_PROCESS,jdbcType=VARCHAR}, 
      #{AT_AUDIT_USERID,jdbcType=DECIMAL}, #{AT_AUDIT_CUSTID,jdbcType=DECIMAL})
  </insert>
  <insert id="insertSelective" parameterType="ie.gov.agriculture.agschemes.dao.TDAS_APPLICATIONS_TRACKING">
    <!--
      WARNING - @mbg.generated
      This element is automatically generated by MyBatis Generator, do not modify.
      This element was generated on Thu May 20 10:54:30 BST 2021.
    -->
    insert into TDAS_APPLICATIONS_TRACKING
    <trim prefix="(" suffix=")" suffixOverrides=",">
      <if test="AT_APPLICATION_TRACKING_ID != null">
        AT_APPLICATION_TRACKING_ID,
      </if>
      <if test="AT_APPLICATION_ID != null">
        AT_APPLICATION_ID,
      </if>
      <if test="AT_EVENT_CODE != null">
        AT_EVENT_CODE,
      </if>
      <if test="AT_EVENT_REASON_ID != null">
        AT_EVENT_REASON_ID,
      </if>
      <if test="AT_STATUS_CODE != null">
        AT_STATUS_CODE,
      </if>
      <if test="AT_EVENT_STATUS_DATE != null">
        AT_EVENT_STATUS_DATE,
      </if>
      <if test="AT_DESCRIPTION != null">
        AT_DESCRIPTION,
      </if>
      <if test="AT_VER_NUM != null">
        AT_VER_NUM,
      </if>
      <if test="AT_AUDIT_USER != null">
        AT_AUDIT_USER,
      </if>
      <if test="AT_AUDIT_DATE != null">
        AT_AUDIT_DATE,
      </if>
      <if test="AT_AUDIT_ACTION != null">
        AT_AUDIT_ACTION,
      </if>
      <if test="AT_AUDIT_LOCATION != null">
        AT_AUDIT_LOCATION,
      </if>
      <if test="AT_AUDIT_PROCESS != null">
        AT_AUDIT_PROCESS,
      </if>
      <if test="AT_AUDIT_USERID != null">
        AT_AUDIT_USERID,
      </if>
      <if test="AT_AUDIT_CUSTID != null">
        AT_AUDIT_CUSTID,
      </if>
    </trim>
    <trim prefix="values (" suffix=")" suffixOverrides=",">
      <if test="AT_APPLICATION_TRACKING_ID != null">
        #{AT_APPLICATION_TRACKING_ID,jdbcType=DECIMAL},
      </if>
      <if test="AT_APPLICATION_ID != null">
        #{AT_APPLICATION_ID,jdbcType=DECIMAL},
      </if>
      <if test="AT_EVENT_CODE != null">
        #{AT_EVENT_CODE,jdbcType=DECIMAL},
      </if>
      <if test="AT_EVENT_REASON_ID != null">
        #{AT_EVENT_REASON_ID,jdbcType=DECIMAL},
      </if>
      <if test="AT_STATUS_CODE != null">
        #{AT_STATUS_CODE,jdbcType=DECIMAL},
      </if>
      <if test="AT_EVENT_STATUS_DATE != null">
        #{AT_EVENT_STATUS_DATE,jdbcType=TIMESTAMP},
      </if>
      <if test="AT_DESCRIPTION != null">
        #{AT_DESCRIPTION,jdbcType=VARCHAR},
      </if>
      <if test="AT_VER_NUM != null">
        #{AT_VER_NUM,jdbcType=DECIMAL},
      </if>
      <if test="AT_AUDIT_USER != null">
        #{AT_AUDIT_USER,jdbcType=VARCHAR},
      </if>
      <if test="AT_AUDIT_DATE != null">
        #{AT_AUDIT_DATE,jdbcType=TIMESTAMP},
      </if>
      <if test="AT_AUDIT_ACTION != null">
        #{AT_AUDIT_ACTION,jdbcType=VARCHAR},
      </if>
      <if test="AT_AUDIT_LOCATION != null">
        #{AT_AUDIT_LOCATION,jdbcType=VARCHAR},
      </if>
      <if test="AT_AUDIT_PROCESS != null">
        #{AT_AUDIT_PROCESS,jdbcType=VARCHAR},
      </if>
      <if test="AT_AUDIT_USERID != null">
        #{AT_AUDIT_USERID,jdbcType=DECIMAL},
      </if>
      <if test="AT_AUDIT_CUSTID != null">
        #{AT_AUDIT_CUSTID,jdbcType=DECIMAL},
      </if>
    </trim>
  </insert>
  <select id="countByExample" parameterType="ie.gov.agriculture.agschemes.dao.TDAS_APPLICATIONS_TRACKINGExample" resultType="java.lang.Long">
    <!--
      WARNING - @mbg.generated
      This element is automatically generated by MyBatis Generator, do not modify.
      This element was generated on Thu May 20 10:54:30 BST 2021.
    -->
    select count(*) from TDAS_APPLICATIONS_TRACKING
    <if test="_parameter != null">
      <include refid="Example_Where_Clause" />
    </if>
  </select>
  <update id="updateByExampleSelective" parameterType="map">
    <!--
      WARNING - @mbg.generated
      This element is automatically generated by MyBatis Generator, do not modify.
      This element was generated on Thu May 20 10:54:30 BST 2021.
    -->
    update TDAS_APPLICATIONS_TRACKING
    <set>
      <if test="record.AT_APPLICATION_TRACKING_ID != null">
        AT_APPLICATION_TRACKING_ID = #{record.AT_APPLICATION_TRACKING_ID,jdbcType=DECIMAL},
      </if>
      <if test="record.AT_APPLICATION_ID != null">
        AT_APPLICATION_ID = #{record.AT_APPLICATION_ID,jdbcType=DECIMAL},
      </if>
      <if test="record.AT_EVENT_CODE != null">
        AT_EVENT_CODE = #{record.AT_EVENT_CODE,jdbcType=DECIMAL},
      </if>
      <if test="record.AT_EVENT_REASON_ID != null">
        AT_EVENT_REASON_ID = #{record.AT_EVENT_REASON_ID,jdbcType=DECIMAL},
      </if>
      <if test="record.AT_STATUS_CODE != null">
        AT_STATUS_CODE = #{record.AT_STATUS_CODE,jdbcType=DECIMAL},
      </if>
      <if test="record.AT_EVENT_STATUS_DATE != null">
        AT_EVENT_STATUS_DATE = #{record.AT_EVENT_STATUS_DATE,jdbcType=TIMESTAMP},
      </if>
      <if test="record.AT_DESCRIPTION != null">
        AT_DESCRIPTION = #{record.AT_DESCRIPTION,jdbcType=VARCHAR},
      </if>
      <if test="record.AT_VER_NUM != null">
        AT_VER_NUM = #{record.AT_VER_NUM,jdbcType=DECIMAL},
      </if>
      <if test="record.AT_AUDIT_USER != null">
        AT_AUDIT_USER = #{record.AT_AUDIT_USER,jdbcType=VARCHAR},
      </if>
      <if test="record.AT_AUDIT_DATE != null">
        AT_AUDIT_DATE = #{record.AT_AUDIT_DATE,jdbcType=TIMESTAMP},
      </if>
      <if test="record.AT_AUDIT_ACTION != null">
        AT_AUDIT_ACTION = #{record.AT_AUDIT_ACTION,jdbcType=VARCHAR},
      </if>
      <if test="record.AT_AUDIT_LOCATION != null">
        AT_AUDIT_LOCATION = #{record.AT_AUDIT_LOCATION,jdbcType=VARCHAR},
      </if>
      <if test="record.AT_AUDIT_PROCESS != null">
        AT_AUDIT_PROCESS = #{record.AT_AUDIT_PROCESS,jdbcType=VARCHAR},
      </if>
      <if test="record.AT_AUDIT_USERID != null">
        AT_AUDIT_USERID = #{record.AT_AUDIT_USERID,jdbcType=DECIMAL},
      </if>
      <if test="record.AT_AUDIT_CUSTID != null">
        AT_AUDIT_CUSTID = #{record.AT_AUDIT_CUSTID,jdbcType=DECIMAL},
      </if>
    </set>
    <if test="_parameter != null">
      <include refid="Update_By_Example_Where_Clause" />
    </if>
  </update>
  <update id="updateByExample" parameterType="map">
    <!--
      WARNING - @mbg.generated
      This element is automatically generated by MyBatis Generator, do not modify.
      This element was generated on Thu May 20 10:54:30 BST 2021.
    -->
    update TDAS_APPLICATIONS_TRACKING
    set AT_APPLICATION_TRACKING_ID = #{record.AT_APPLICATION_TRACKING_ID,jdbcType=DECIMAL},
      AT_APPLICATION_ID = #{record.AT_APPLICATION_ID,jdbcType=DECIMAL},
      AT_EVENT_CODE = #{record.AT_EVENT_CODE,jdbcType=DECIMAL},
      AT_EVENT_REASON_ID = #{record.AT_EVENT_REASON_ID,jdbcType=DECIMAL},
      AT_STATUS_CODE = #{record.AT_STATUS_CODE,jdbcType=DECIMAL},
      AT_EVENT_STATUS_DATE = #{record.AT_EVENT_STATUS_DATE,jdbcType=TIMESTAMP},
      AT_DESCRIPTION = #{record.AT_DESCRIPTION,jdbcType=VARCHAR},
      AT_VER_NUM = #{record.AT_VER_NUM,jdbcType=DECIMAL},
      AT_AUDIT_USER = #{record.AT_AUDIT_USER,jdbcType=VARCHAR},
      AT_AUDIT_DATE = #{record.AT_AUDIT_DATE,jdbcType=TIMESTAMP},
      AT_AUDIT_ACTION = #{record.AT_AUDIT_ACTION,jdbcType=VARCHAR},
      AT_AUDIT_LOCATION = #{record.AT_AUDIT_LOCATION,jdbcType=VARCHAR},
      AT_AUDIT_PROCESS = #{record.AT_AUDIT_PROCESS,jdbcType=VARCHAR},
      AT_AUDIT_USERID = #{record.AT_AUDIT_USERID,jdbcType=DECIMAL},
      AT_AUDIT_CUSTID = #{record.AT_AUDIT_CUSTID,jdbcType=DECIMAL}
    <if test="_parameter != null">
      <include refid="Update_By_Example_Where_Clause" />
    </if>
  </update>
  <update id="updateByPrimaryKeySelective" parameterType="ie.gov.agriculture.agschemes.dao.TDAS_APPLICATIONS_TRACKING">
    <!--
      WARNING - @mbg.generated
      This element is automatically generated by MyBatis Generator, do not modify.
      This element was generated on Thu May 20 10:54:30 BST 2021.
    -->
    update TDAS_APPLICATIONS_TRACKING
    <set>
      <if test="AT_APPLICATION_ID != null">
        AT_APPLICATION_ID = #{AT_APPLICATION_ID,jdbcType=DECIMAL},
      </if>
      <if test="AT_EVENT_CODE != null">
        AT_EVENT_CODE = #{AT_EVENT_CODE,jdbcType=DECIMAL},
      </if>
      <if test="AT_EVENT_REASON_ID != null">
        AT_EVENT_REASON_ID = #{AT_EVENT_REASON_ID,jdbcType=DECIMAL},
      </if>
      <if test="AT_STATUS_CODE != null">
        AT_STATUS_CODE = #{AT_STATUS_CODE,jdbcType=DECIMAL},
      </if>
      <if test="AT_EVENT_STATUS_DATE != null">
        AT_EVENT_STATUS_DATE = #{AT_EVENT_STATUS_DATE,jdbcType=TIMESTAMP},
      </if>
      <if test="AT_DESCRIPTION != null">
        AT_DESCRIPTION = #{AT_DESCRIPTION,jdbcType=VARCHAR},
      </if>
      <if test="AT_VER_NUM != null">
        AT_VER_NUM = #{AT_VER_NUM,jdbcType=DECIMAL},
      </if>
      <if test="AT_AUDIT_USER != null">
        AT_AUDIT_USER = #{AT_AUDIT_USER,jdbcType=VARCHAR},
      </if>
      <if test="AT_AUDIT_DATE != null">
        AT_AUDIT_DATE = #{AT_AUDIT_DATE,jdbcType=TIMESTAMP},
      </if>
      <if test="AT_AUDIT_ACTION != null">
        AT_AUDIT_ACTION = #{AT_AUDIT_ACTION,jdbcType=VARCHAR},
      </if>
      <if test="AT_AUDIT_LOCATION != null">
        AT_AUDIT_LOCATION = #{AT_AUDIT_LOCATION,jdbcType=VARCHAR},
      </if>
      <if test="AT_AUDIT_PROCESS != null">
        AT_AUDIT_PROCESS = #{AT_AUDIT_PROCESS,jdbcType=VARCHAR},
      </if>
      <if test="AT_AUDIT_USERID != null">
        AT_AUDIT_USERID = #{AT_AUDIT_USERID,jdbcType=DECIMAL},
      </if>
      <if test="AT_AUDIT_CUSTID != null">
        AT_AUDIT_CUSTID = #{AT_AUDIT_CUSTID,jdbcType=DECIMAL},
      </if>
    </set>
    where AT_APPLICATION_TRACKING_ID = #{AT_APPLICATION_TRACKING_ID,jdbcType=DECIMAL}
  </update>
  <update id="updateByPrimaryKey" parameterType="ie.gov.agriculture.agschemes.dao.TDAS_APPLICATIONS_TRACKING">
    <!--
      WARNING - @mbg.generated
      This element is automatically generated by MyBatis Generator, do not modify.
      This element was generated on Thu May 20 10:54:30 BST 2021.
    -->
    update TDAS_APPLICATIONS_TRACKING
    set AT_APPLICATION_ID = #{AT_APPLICATION_ID,jdbcType=DECIMAL},
      AT_EVENT_CODE = #{AT_EVENT_CODE,jdbcType=DECIMAL},
      AT_EVENT_REASON_ID = #{AT_EVENT_REASON_ID,jdbcType=DECIMAL},
      AT_STATUS_CODE = #{AT_STATUS_CODE,jdbcType=DECIMAL},
      AT_EVENT_STATUS_DATE = #{AT_EVENT_STATUS_DATE,jdbcType=TIMESTAMP},
      AT_DESCRIPTION = #{AT_DESCRIPTION,jdbcType=VARCHAR},
      AT_VER_NUM = #{AT_VER_NUM,jdbcType=DECIMAL},
      AT_AUDIT_USER = #{AT_AUDIT_USER,jdbcType=VARCHAR},
      AT_AUDIT_DATE = #{AT_AUDIT_DATE,jdbcType=TIMESTAMP},
      AT_AUDIT_ACTION = #{AT_AUDIT_ACTION,jdbcType=VARCHAR},
      AT_AUDIT_LOCATION = #{AT_AUDIT_LOCATION,jdbcType=VARCHAR},
      AT_AUDIT_PROCESS = #{AT_AUDIT_PROCESS,jdbcType=VARCHAR},
      AT_AUDIT_USERID = #{AT_AUDIT_USERID,jdbcType=DECIMAL},
      AT_AUDIT_CUSTID = #{AT_AUDIT_CUSTID,jdbcType=DECIMAL}
    where AT_APPLICATION_TRACKING_ID = #{AT_APPLICATION_TRACKING_ID,jdbcType=DECIMAL}
  </update>
</mapper>