<?xml version="1.0" encoding="UTF-8"?>
<!DOCTYPE mapper PUBLIC "-//mybatis.org//DTD Mapper 3.0//EN" "http://mybatis.org/dtd/mybatis-3-mapper.dtd">
<mapper namespace="ie.gov.agriculture.agschemes.dao.TDAS_DOCUMENTSMapper">
  <resultMap id="BaseResultMap" type="ie.gov.agriculture.agschemes.dao.TDAS_DOCUMENTS">
    <!--
      WARNING - @mbg.generated
      This element is automatically generated by MyBatis Generator, do not modify.
      This element was generated on Thu May 20 10:54:30 BST 2021.
    -->
    <id column="DOC_DOCUMENT_ID" jdbcType="DECIMAL" property="DOC_DOCUMENT_ID" />
    <result column="DOC_DOCUMENT_TYPE_ID" jdbcType="DECIMAL" property="DOC_DOCUMENT_TYPE_ID" />
    <result column="DOC_SCHEME_ID" jdbcType="DECIMAL" property="DOC_SCHEME_ID" />
    <result column="DOC_APPLICATION_ID" jdbcType="DECIMAL" property="DOC_APPLICATION_ID" />
    <result column="DOC_COMMENT" jdbcType="VARCHAR" property="DOC_COMMENT" />
    <result column="DOC_DOCUMENT_IMAGE_ID" jdbcType="DECIMAL" property="DOC_DOCUMENT_IMAGE_ID" />
    <result column="DOC_DOCUMENT_IMAGE_TYPE_ID" jdbcType="DECIMAL" property="DOC_DOCUMENT_IMAGE_TYPE_ID" />
    <result column="DOC_DOCUMENT_SEQUENCE_NUMBER" jdbcType="DECIMAL" property="DOC_DOCUMENT_SEQUENCE_NUMBER" />
    <result column="DOC_DOCUMENT_DESCRIPTION" jdbcType="VARCHAR" property="DOC_DOCUMENT_DESCRIPTION" />
    <result column="DOC_DOCUMENT_DATE_LOADED" jdbcType="TIMESTAMP" property="DOC_DOCUMENT_DATE_LOADED" />
    <result column="DOC_DOCUMENT_FILE_NAME" jdbcType="VARCHAR" property="DOC_DOCUMENT_FILE_NAME" />
    <result column="DOC_DOCUMENT_YEAR_CREATED" jdbcType="VARCHAR" property="DOC_DOCUMENT_YEAR_CREATED" />
    <result column="DOC_VER_NUM" jdbcType="DECIMAL" property="DOC_VER_NUM" />
    <result column="DOC_AUDIT_USER" jdbcType="VARCHAR" property="DOC_AUDIT_USER" />
    <result column="DOC_AUDIT_DATE" jdbcType="TIMESTAMP" property="DOC_AUDIT_DATE" />
    <result column="DOC_AUDIT_ACTION" jdbcType="VARCHAR" property="DOC_AUDIT_ACTION" />
    <result column="DOC_AUDIT_LOCATION" jdbcType="VARCHAR" property="DOC_AUDIT_LOCATION" />
    <result column="DOC_AUDIT_PROCESS" jdbcType="VARCHAR" property="DOC_AUDIT_PROCESS" />
    <result column="DOC_AUDIT_USERID" jdbcType="DECIMAL" property="DOC_AUDIT_USERID" />
    <result column="DOC_DOCUMENT_UPLOAD_USER" jdbcType="VARCHAR" property="DOC_DOCUMENT_UPLOAD_USER" />
    <result column="DOC_DOCUMENT_UPLOADED_ONLINE" jdbcType="DECIMAL" property="DOC_DOCUMENT_UPLOADED_ONLINE" />
    <result column="DOC_SOIL_SAMPLE_DATE" jdbcType="TIMESTAMP" property="DOC_SOIL_SAMPLE_DATE" />
  </resultMap>
  <sql id="Example_Where_Clause">
    <!--
      WARNING - @mbg.generated
      This element is automatically generated by MyBatis Generator, do not modify.
      This element was generated on Thu May 20 10:54:30 BST 2021.
    -->
    <where>
      <foreach collection="oredCriteria" item="criteria" separator="or">
        <if test="criteria.valid">
          <trim prefix="(" prefixOverrides="and" suffix=")">
            <foreach collection="criteria.criteria" item="criterion">
              <choose>
                <when test="criterion.noValue">
                  and ${criterion.condition}
                </when>
                <when test="criterion.singleValue">
                  and ${criterion.condition} #{criterion.value}
                </when>
                <when test="criterion.betweenValue">
                  and ${criterion.condition} #{criterion.value} and #{criterion.secondValue}
                </when>
                <when test="criterion.listValue">
                  and ${criterion.condition}
                  <foreach close=")" collection="criterion.value" item="listItem" open="(" separator=",">
                    #{listItem}
                  </foreach>
                </when>
              </choose>
            </foreach>
          </trim>
        </if>
      </foreach>
    </where>
  </sql>
  <sql id="Update_By_Example_Where_Clause">
    <!--
      WARNING - @mbg.generated
      This element is automatically generated by MyBatis Generator, do not modify.
      This element was generated on Thu May 20 10:54:30 BST 2021.
    -->
    <where>
      <foreach collection="example.oredCriteria" item="criteria" separator="or">
        <if test="criteria.valid">
          <trim prefix="(" prefixOverrides="and" suffix=")">
            <foreach collection="criteria.criteria" item="criterion">
              <choose>
                <when test="criterion.noValue">
                  and ${criterion.condition}
                </when>
                <when test="criterion.singleValue">
                  and ${criterion.condition} #{criterion.value}
                </when>
                <when test="criterion.betweenValue">
                  and ${criterion.condition} #{criterion.value} and #{criterion.secondValue}
                </when>
                <when test="criterion.listValue">
                  and ${criterion.condition}
                  <foreach close=")" collection="criterion.value" item="listItem" open="(" separator=",">
                    #{listItem}
                  </foreach>
                </when>
              </choose>
            </foreach>
          </trim>
        </if>
      </foreach>
    </where>
  </sql>
  <sql id="Base_Column_List">
    <!--
      WARNING - @mbg.generated
      This element is automatically generated by MyBatis Generator, do not modify.
      This element was generated on Thu May 20 10:54:30 BST 2021.
    -->
    DOC_DOCUMENT_ID, DOC_DOCUMENT_TYPE_ID, DOC_SCHEME_ID, DOC_APPLICATION_ID, DOC_COMMENT, 
    DOC_DOCUMENT_IMAGE_ID, DOC_DOCUMENT_IMAGE_TYPE_ID, DOC_DOCUMENT_SEQUENCE_NUMBER, 
    DOC_DOCUMENT_DESCRIPTION, DOC_DOCUMENT_DATE_LOADED, DOC_DOCUMENT_FILE_NAME, DOC_DOCUMENT_YEAR_CREATED, 
    DOC_VER_NUM, DOC_AUDIT_USER, DOC_AUDIT_DATE, DOC_AUDIT_ACTION, DOC_AUDIT_LOCATION, 
    DOC_AUDIT_PROCESS, DOC_AUDIT_USERID, DOC_DOCUMENT_UPLOAD_USER, DOC_DOCUMENT_UPLOADED_ONLINE, 
    DOC_SOIL_SAMPLE_DATE
  </sql>
  <select id="selectByExample" parameterType="ie.gov.agriculture.agschemes.dao.TDAS_DOCUMENTSExample" resultMap="BaseResultMap">
    <!--
      WARNING - @mbg.generated
      This element is automatically generated by MyBatis Generator, do not modify.
      This element was generated on Thu May 20 10:54:30 BST 2021.
    -->
    select
    <if test="distinct">
      distinct
    </if>
    <include refid="Base_Column_List" />
    from TDAS_DOCUMENTS
    <if test="_parameter != null">
      <include refid="Example_Where_Clause" />
    </if>
    <if test="orderByClause != null">
      order by ${orderByClause}
    </if>
  </select>
  <select id="selectByPrimaryKey" parameterType="java.math.BigDecimal" resultMap="BaseResultMap">
    <!--
      WARNING - @mbg.generated
      This element is automatically generated by MyBatis Generator, do not modify.
      This element was generated on Thu May 20 10:54:30 BST 2021.
    -->
    select 
    <include refid="Base_Column_List" />
    from TDAS_DOCUMENTS
    where DOC_DOCUMENT_ID = #{DOC_DOCUMENT_ID,jdbcType=DECIMAL}
  </select>
  <select id="select_by_application_id" parameterType="java.lang.String" resultMap="BaseResultMap">
    select
    <include refid="Base_Column_List" />
    from TDAS_DOCUMENTS
    where DOC_APPLICATION_ID = #{DOC_APPLICATION_ID}
  </select>
  <select id="delete_by_application_id" parameterType="java.lang.String" resultMap="BaseResultMap">
    delete from TDAS_DOCUMENTS
    where DOC_APPLICATION_ID = #{APP_APPLICATION_ID}
  </select>
  <delete id="deleteByPrimaryKey" parameterType="java.math.BigDecimal">
    <!--
      WARNING - @mbg.generated
      This element is automatically generated by MyBatis Generator, do not modify.
      This element was generated on Thu May 20 10:54:30 BST 2021.
    -->
    delete from TDAS_DOCUMENTS
    where DOC_DOCUMENT_ID = #{DOC_DOCUMENT_ID,jdbcType=DECIMAL}
  </delete>
  <delete id="deleteByExample" parameterType="ie.gov.agriculture.agschemes.dao.TDAS_DOCUMENTSExample">
    <!--
      WARNING - @mbg.generated
      This element is automatically generated by MyBatis Generator, do not modify.
      This element was generated on Thu May 20 10:54:30 BST 2021.
    -->
    delete from TDAS_DOCUMENTS
    <if test="_parameter != null">
      <include refid="Example_Where_Clause" />
    </if>
  </delete>
  <insert id="insert" parameterType="ie.gov.agriculture.agschemes.dao.TDAS_DOCUMENTS">
    <!--
      WARNING - @mbg.generated
      This element is automatically generated by MyBatis Generator, do not modify.
      This element was generated on Thu May 20 10:54:30 BST 2021.
    -->
    insert into TDAS_DOCUMENTS (DOC_DOCUMENT_ID, DOC_DOCUMENT_TYPE_ID, 
      DOC_SCHEME_ID, DOC_APPLICATION_ID, DOC_COMMENT, 
      DOC_DOCUMENT_IMAGE_ID, DOC_DOCUMENT_IMAGE_TYPE_ID, 
      DOC_DOCUMENT_SEQUENCE_NUMBER, DOC_DOCUMENT_DESCRIPTION, 
      DOC_DOCUMENT_DATE_LOADED, DOC_DOCUMENT_FILE_NAME, 
      DOC_DOCUMENT_YEAR_CREATED, DOC_VER_NUM, 
      DOC_AUDIT_USER, DOC_AUDIT_DATE, DOC_AUDIT_ACTION, 
      DOC_AUDIT_LOCATION, DOC_AUDIT_PROCESS, 
      DOC_AUDIT_USERID, DOC_DOCUMENT_UPLOAD_USER, 
      DOC_DOCUMENT_UPLOADED_ONLINE, DOC_SOIL_SAMPLE_DATE
      )
    values (#{DOC_DOCUMENT_ID,jdbcType=DECIMAL}, #{DOC_DOCUMENT_TYPE_ID,jdbcType=DECIMAL}, 
      #{DOC_SCHEME_ID,jdbcType=DECIMAL}, #{DOC_APPLICATION_ID,jdbcType=DECIMAL}, #{DOC_COMMENT,jdbcType=VARCHAR}, 
      #{DOC_DOCUMENT_IMAGE_ID,jdbcType=DECIMAL}, #{DOC_DOCUMENT_IMAGE_TYPE_ID,jdbcType=DECIMAL}, 
      #{DOC_DOCUMENT_SEQUENCE_NUMBER,jdbcType=DECIMAL}, #{DOC_DOCUMENT_DESCRIPTION,jdbcType=VARCHAR}, 
      #{DOC_DOCUMENT_DATE_LOADED,jdbcType=TIMESTAMP}, #{DOC_DOCUMENT_FILE_NAME,jdbcType=VARCHAR}, 
      #{DOC_DOCUMENT_YEAR_CREATED,jdbcType=VARCHAR}, #{DOC_VER_NUM,jdbcType=DECIMAL}, 
      #{DOC_AUDIT_USER,jdbcType=VARCHAR}, #{DOC_AUDIT_DATE,jdbcType=TIMESTAMP}, #{DOC_AUDIT_ACTION,jdbcType=VARCHAR}, 
      #{DOC_AUDIT_LOCATION,jdbcType=VARCHAR}, #{DOC_AUDIT_PROCESS,jdbcType=VARCHAR}, 
      #{DOC_AUDIT_USERID,jdbcType=DECIMAL}, #{DOC_DOCUMENT_UPLOAD_USER,jdbcType=VARCHAR}, 
      #{DOC_DOCUMENT_UPLOADED_ONLINE,jdbcType=DECIMAL}, #{DOC_SOIL_SAMPLE_DATE,jdbcType=TIMESTAMP}
      )
  </insert>
  <insert id="insertSelective" parameterType="ie.gov.agriculture.agschemes.dao.TDAS_DOCUMENTS">
    <!--
      WARNING - @mbg.generated
      This element is automatically generated by MyBatis Generator, do not modify.
      This element was generated on Thu May 20 10:54:30 BST 2021.
    -->
    insert into TDAS_DOCUMENTS
    <trim prefix="(" suffix=")" suffixOverrides=",">
      <if test="DOC_DOCUMENT_ID != null">
        DOC_DOCUMENT_ID,
      </if>
      <if test="DOC_DOCUMENT_TYPE_ID != null">
        DOC_DOCUMENT_TYPE_ID,
      </if>
      <if test="DOC_SCHEME_ID != null">
        DOC_SCHEME_ID,
      </if>
      <if test="DOC_APPLICATION_ID != null">
        DOC_APPLICATION_ID,
      </if>
      <if test="DOC_COMMENT != null">
        DOC_COMMENT,
      </if>
      <if test="DOC_DOCUMENT_IMAGE_ID != null">
        DOC_DOCUMENT_IMAGE_ID,
      </if>
      <if test="DOC_DOCUMENT_IMAGE_TYPE_ID != null">
        DOC_DOCUMENT_IMAGE_TYPE_ID,
      </if>
      <if test="DOC_DOCUMENT_SEQUENCE_NUMBER != null">
        DOC_DOCUMENT_SEQUENCE_NUMBER,
      </if>
      <if test="DOC_DOCUMENT_DESCRIPTION != null">
        DOC_DOCUMENT_DESCRIPTION,
      </if>
      <if test="DOC_DOCUMENT_DATE_LOADED != null">
        DOC_DOCUMENT_DATE_LOADED,
      </if>
      <if test="DOC_DOCUMENT_FILE_NAME != null">
        DOC_DOCUMENT_FILE_NAME,
      </if>
      <if test="DOC_DOCUMENT_YEAR_CREATED != null">
        DOC_DOCUMENT_YEAR_CREATED,
      </if>
      <if test="DOC_VER_NUM != null">
        DOC_VER_NUM,
      </if>
      <if test="DOC_AUDIT_USER != null">
        DOC_AUDIT_USER,
      </if>
      <if test="DOC_AUDIT_DATE != null">
        DOC_AUDIT_DATE,
      </if>
      <if test="DOC_AUDIT_ACTION != null">
        DOC_AUDIT_ACTION,
      </if>
      <if test="DOC_AUDIT_LOCATION != null">
        DOC_AUDIT_LOCATION,
      </if>
      <if test="DOC_AUDIT_PROCESS != null">
        DOC_AUDIT_PROCESS,
      </if>
      <if test="DOC_AUDIT_USERID != null">
        DOC_AUDIT_USERID,
      </if>
      <if test="DOC_DOCUMENT_UPLOAD_USER != null">
        DOC_DOCUMENT_UPLOAD_USER,
      </if>
      <if test="DOC_DOCUMENT_UPLOADED_ONLINE != null">
        DOC_DOCUMENT_UPLOADED_ONLINE,
      </if>
      <if test="DOC_SOIL_SAMPLE_DATE != null">
        DOC_SOIL_SAMPLE_DATE,
      </if>
    </trim>
    <trim prefix="values (" suffix=")" suffixOverrides=",">
      <if test="DOC_DOCUMENT_ID != null">
        #{DOC_DOCUMENT_ID,jdbcType=DECIMAL},
      </if>
      <if test="DOC_DOCUMENT_TYPE_ID != null">
        #{DOC_DOCUMENT_TYPE_ID,jdbcType=DECIMAL},
      </if>
      <if test="DOC_SCHEME_ID != null">
        #{DOC_SCHEME_ID,jdbcType=DECIMAL},
      </if>
      <if test="DOC_APPLICATION_ID != null">
        #{DOC_APPLICATION_ID,jdbcType=DECIMAL},
      </if>
      <if test="DOC_COMMENT != null">
        #{DOC_COMMENT,jdbcType=VARCHAR},
      </if>
      <if test="DOC_DOCUMENT_IMAGE_ID != null">
        #{DOC_DOCUMENT_IMAGE_ID,jdbcType=DECIMAL},
      </if>
      <if test="DOC_DOCUMENT_IMAGE_TYPE_ID != null">
        #{DOC_DOCUMENT_IMAGE_TYPE_ID,jdbcType=DECIMAL},
      </if>
      <if test="DOC_DOCUMENT_SEQUENCE_NUMBER != null">
        #{DOC_DOCUMENT_SEQUENCE_NUMBER,jdbcType=DECIMAL},
      </if>
      <if test="DOC_DOCUMENT_DESCRIPTION != null">
        #{DOC_DOCUMENT_DESCRIPTION,jdbcType=VARCHAR},
      </if>
      <if test="DOC_DOCUMENT_DATE_LOADED != null">
        #{DOC_DOCUMENT_DATE_LOADED,jdbcType=TIMESTAMP},
      </if>
      <if test="DOC_DOCUMENT_FILE_NAME != null">
        #{DOC_DOCUMENT_FILE_NAME,jdbcType=VARCHAR},
      </if>
      <if test="DOC_DOCUMENT_YEAR_CREATED != null">
        #{DOC_DOCUMENT_YEAR_CREATED,jdbcType=VARCHAR},
      </if>
      <if test="DOC_VER_NUM != null">
        #{DOC_VER_NUM,jdbcType=DECIMAL},
      </if>
      <if test="DOC_AUDIT_USER != null">
        #{DOC_AUDIT_USER,jdbcType=VARCHAR},
      </if>
      <if test="DOC_AUDIT_DATE != null">
        #{DOC_AUDIT_DATE,jdbcType=TIMESTAMP},
      </if>
      <if test="DOC_AUDIT_ACTION != null">
        #{DOC_AUDIT_ACTION,jdbcType=VARCHAR},
      </if>
      <if test="DOC_AUDIT_LOCATION != null">
        #{DOC_AUDIT_LOCATION,jdbcType=VARCHAR},
      </if>
      <if test="DOC_AUDIT_PROCESS != null">
        #{DOC_AUDIT_PROCESS,jdbcType=VARCHAR},
      </if>
      <if test="DOC_AUDIT_USERID != null">
        #{DOC_AUDIT_USERID,jdbcType=DECIMAL},
      </if>
      <if test="DOC_DOCUMENT_UPLOAD_USER != null">
        #{DOC_DOCUMENT_UPLOAD_USER,jdbcType=VARCHAR},
      </if>
      <if test="DOC_DOCUMENT_UPLOADED_ONLINE != null">
        #{DOC_DOCUMENT_UPLOADED_ONLINE,jdbcType=DECIMAL},
      </if>
      <if test="DOC_SOIL_SAMPLE_DATE != null">
        #{DOC_SOIL_SAMPLE_DATE,jdbcType=TIMESTAMP},
      </if>
    </trim>
  </insert>
  <select id="countByExample" parameterType="ie.gov.agriculture.agschemes.dao.TDAS_DOCUMENTSExample" resultType="java.lang.Long">
    <!--
      WARNING - @mbg.generated
      This element is automatically generated by MyBatis Generator, do not modify.
      This element was generated on Thu May 20 10:54:30 BST 2021.
    -->
    select count(*) from TDAS_DOCUMENTS
    <if test="_parameter != null">
      <include refid="Example_Where_Clause" />
    </if>
  </select>
  <update id="updateByExampleSelective" parameterType="map">
    <!--
      WARNING - @mbg.generated
      This element is automatically generated by MyBatis Generator, do not modify.
      This element was generated on Thu May 20 10:54:30 BST 2021.
    -->
    update TDAS_DOCUMENTS
    <set>
      <if test="record.DOC_DOCUMENT_ID != null">
        DOC_DOCUMENT_ID = #{record.DOC_DOCUMENT_ID,jdbcType=DECIMAL},
      </if>
      <if test="record.DOC_DOCUMENT_TYPE_ID != null">
        DOC_DOCUMENT_TYPE_ID = #{record.DOC_DOCUMENT_TYPE_ID,jdbcType=DECIMAL},
      </if>
      <if test="record.DOC_SCHEME_ID != null">
        DOC_SCHEME_ID = #{record.DOC_SCHEME_ID,jdbcType=DECIMAL},
      </if>
      <if test="record.DOC_APPLICATION_ID != null">
        DOC_APPLICATION_ID = #{record.DOC_APPLICATION_ID,jdbcType=DECIMAL},
      </if>
      <if test="record.DOC_COMMENT != null">
        DOC_COMMENT = #{record.DOC_COMMENT,jdbcType=VARCHAR},
      </if>
      <if test="record.DOC_DOCUMENT_IMAGE_ID != null">
        DOC_DOCUMENT_IMAGE_ID = #{record.DOC_DOCUMENT_IMAGE_ID,jdbcType=DECIMAL},
      </if>
      <if test="record.DOC_DOCUMENT_IMAGE_TYPE_ID != null">
        DOC_DOCUMENT_IMAGE_TYPE_ID = #{record.DOC_DOCUMENT_IMAGE_TYPE_ID,jdbcType=DECIMAL},
      </if>
      <if test="record.DOC_DOCUMENT_SEQUENCE_NUMBER != null">
        DOC_DOCUMENT_SEQUENCE_NUMBER = #{record.DOC_DOCUMENT_SEQUENCE_NUMBER,jdbcType=DECIMAL},
      </if>
      <if test="record.DOC_DOCUMENT_DESCRIPTION != null">
        DOC_DOCUMENT_DESCRIPTION = #{record.DOC_DOCUMENT_DESCRIPTION,jdbcType=VARCHAR},
      </if>
      <if test="record.DOC_DOCUMENT_DATE_LOADED != null">
        DOC_DOCUMENT_DATE_LOADED = #{record.DOC_DOCUMENT_DATE_LOADED,jdbcType=TIMESTAMP},
      </if>
      <if test="record.DOC_DOCUMENT_FILE_NAME != null">
        DOC_DOCUMENT_FILE_NAME = #{record.DOC_DOCUMENT_FILE_NAME,jdbcType=VARCHAR},
      </if>
      <if test="record.DOC_DOCUMENT_YEAR_CREATED != null">
        DOC_DOCUMENT_YEAR_CREATED = #{record.DOC_DOCUMENT_YEAR_CREATED,jdbcType=VARCHAR},
      </if>
      <if test="record.DOC_VER_NUM != null">
        DOC_VER_NUM = #{record.DOC_VER_NUM,jdbcType=DECIMAL},
      </if>
      <if test="record.DOC_AUDIT_USER != null">
        DOC_AUDIT_USER = #{record.DOC_AUDIT_USER,jdbcType=VARCHAR},
      </if>
      <if test="record.DOC_AUDIT_DATE != null">
        DOC_AUDIT_DATE = #{record.DOC_AUDIT_DATE,jdbcType=TIMESTAMP},
      </if>
      <if test="record.DOC_AUDIT_ACTION != null">
        DOC_AUDIT_ACTION = #{record.DOC_AUDIT_ACTION,jdbcType=VARCHAR},
      </if>
      <if test="record.DOC_AUDIT_LOCATION != null">
        DOC_AUDIT_LOCATION = #{record.DOC_AUDIT_LOCATION,jdbcType=VARCHAR},
      </if>
      <if test="record.DOC_AUDIT_PROCESS != null">
        DOC_AUDIT_PROCESS = #{record.DOC_AUDIT_PROCESS,jdbcType=VARCHAR},
      </if>
      <if test="record.DOC_AUDIT_USERID != null">
        DOC_AUDIT_USERID = #{record.DOC_AUDIT_USERID,jdbcType=DECIMAL},
      </if>
      <if test="record.DOC_DOCUMENT_UPLOAD_USER != null">
        DOC_DOCUMENT_UPLOAD_USER = #{record.DOC_DOCUMENT_UPLOAD_USER,jdbcType=VARCHAR},
      </if>
      <if test="record.DOC_DOCUMENT_UPLOADED_ONLINE != null">
        DOC_DOCUMENT_UPLOADED_ONLINE = #{record.DOC_DOCUMENT_UPLOADED_ONLINE,jdbcType=DECIMAL},
      </if>
      <if test="record.DOC_SOIL_SAMPLE_DATE != null">
        DOC_SOIL_SAMPLE_DATE = #{record.DOC_SOIL_SAMPLE_DATE,jdbcType=TIMESTAMP},
      </if>
    </set>
    <if test="_parameter != null">
      <include refid="Update_By_Example_Where_Clause" />
    </if>
  </update>
  <update id="updateByExample" parameterType="map">
    <!--
      WARNING - @mbg.generated
      This element is automatically generated by MyBatis Generator, do not modify.
      This element was generated on Thu May 20 10:54:30 BST 2021.
    -->
    update TDAS_DOCUMENTS
    set DOC_DOCUMENT_ID = #{record.DOC_DOCUMENT_ID,jdbcType=DECIMAL},
      DOC_DOCUMENT_TYPE_ID = #{record.DOC_DOCUMENT_TYPE_ID,jdbcType=DECIMAL},
      DOC_SCHEME_ID = #{record.DOC_SCHEME_ID,jdbcType=DECIMAL},
      DOC_APPLICATION_ID = #{record.DOC_APPLICATION_ID,jdbcType=DECIMAL},
      DOC_COMMENT = #{record.DOC_COMMENT,jdbcType=VARCHAR},
      DOC_DOCUMENT_IMAGE_ID = #{record.DOC_DOCUMENT_IMAGE_ID,jdbcType=DECIMAL},
      DOC_DOCUMENT_IMAGE_TYPE_ID = #{record.DOC_DOCUMENT_IMAGE_TYPE_ID,jdbcType=DECIMAL},
      DOC_DOCUMENT_SEQUENCE_NUMBER = #{record.DOC_DOCUMENT_SEQUENCE_NUMBER,jdbcType=DECIMAL},
      DOC_DOCUMENT_DESCRIPTION = #{record.DOC_DOCUMENT_DESCRIPTION,jdbcType=VARCHAR},
      DOC_DOCUMENT_DATE_LOADED = #{record.DOC_DOCUMENT_DATE_LOADED,jdbcType=TIMESTAMP},
      DOC_DOCUMENT_FILE_NAME = #{record.DOC_DOCUMENT_FILE_NAME,jdbcType=VARCHAR},
      DOC_DOCUMENT_YEAR_CREATED = #{record.DOC_DOCUMENT_YEAR_CREATED,jdbcType=VARCHAR},
      DOC_VER_NUM = #{record.DOC_VER_NUM,jdbcType=DECIMAL},
      DOC_AUDIT_USER = #{record.DOC_AUDIT_USER,jdbcType=VARCHAR},
      DOC_AUDIT_DATE = #{record.DOC_AUDIT_DATE,jdbcType=TIMESTAMP},
      DOC_AUDIT_ACTION = #{record.DOC_AUDIT_ACTION,jdbcType=VARCHAR},
      DOC_AUDIT_LOCATION = #{record.DOC_AUDIT_LOCATION,jdbcType=VARCHAR},
      DOC_AUDIT_PROCESS = #{record.DOC_AUDIT_PROCESS,jdbcType=VARCHAR},
      DOC_AUDIT_USERID = #{record.DOC_AUDIT_USERID,jdbcType=DECIMAL},
      DOC_DOCUMENT_UPLOAD_USER = #{record.DOC_DOCUMENT_UPLOAD_USER,jdbcType=VARCHAR},
      DOC_DOCUMENT_UPLOADED_ONLINE = #{record.DOC_DOCUMENT_UPLOADED_ONLINE,jdbcType=DECIMAL},
      DOC_SOIL_SAMPLE_DATE = #{record.DOC_SOIL_SAMPLE_DATE,jdbcType=TIMESTAMP}
    <if test="_parameter != null">
      <include refid="Update_By_Example_Where_Clause" />
    </if>
  </update>
  <update id="updateByPrimaryKeySelective" parameterType="ie.gov.agriculture.agschemes.dao.TDAS_DOCUMENTS">
    <!--
      WARNING - @mbg.generated
      This element is automatically generated by MyBatis Generator, do not modify.
      This element was generated on Thu May 20 10:54:30 BST 2021.
    -->
    update TDAS_DOCUMENTS
    <set>
      <if test="DOC_DOCUMENT_TYPE_ID != null">
        DOC_DOCUMENT_TYPE_ID = #{DOC_DOCUMENT_TYPE_ID,jdbcType=DECIMAL},
      </if>
      <if test="DOC_SCHEME_ID != null">
        DOC_SCHEME_ID = #{DOC_SCHEME_ID,jdbcType=DECIMAL},
      </if>
      <if test="DOC_APPLICATION_ID != null">
        DOC_APPLICATION_ID = #{DOC_APPLICATION_ID,jdbcType=DECIMAL},
      </if>
      <if test="DOC_COMMENT != null">
        DOC_COMMENT = #{DOC_COMMENT,jdbcType=VARCHAR},
      </if>
      <if test="DOC_DOCUMENT_IMAGE_ID != null">
        DOC_DOCUMENT_IMAGE_ID = #{DOC_DOCUMENT_IMAGE_ID,jdbcType=DECIMAL},
      </if>
      <if test="DOC_DOCUMENT_IMAGE_TYPE_ID != null">
        DOC_DOCUMENT_IMAGE_TYPE_ID = #{DOC_DOCUMENT_IMAGE_TYPE_ID,jdbcType=DECIMAL},
      </if>
      <if test="DOC_DOCUMENT_SEQUENCE_NUMBER != null">
        DOC_DOCUMENT_SEQUENCE_NUMBER = #{DOC_DOCUMENT_SEQUENCE_NUMBER,jdbcType=DECIMAL},
      </if>
      <if test="DOC_DOCUMENT_DESCRIPTION != null">
        DOC_DOCUMENT_DESCRIPTION = #{DOC_DOCUMENT_DESCRIPTION,jdbcType=VARCHAR},
      </if>
      <if test="DOC_DOCUMENT_DATE_LOADED != null">
        DOC_DOCUMENT_DATE_LOADED = #{DOC_DOCUMENT_DATE_LOADED,jdbcType=TIMESTAMP},
      </if>
      <if test="DOC_DOCUMENT_FILE_NAME != null">
        DOC_DOCUMENT_FILE_NAME = #{DOC_DOCUMENT_FILE_NAME,jdbcType=VARCHAR},
      </if>
      <if test="DOC_DOCUMENT_YEAR_CREATED != null">
        DOC_DOCUMENT_YEAR_CREATED = #{DOC_DOCUMENT_YEAR_CREATED,jdbcType=VARCHAR},
      </if>
      <if test="DOC_VER_NUM != null">
        DOC_VER_NUM = #{DOC_VER_NUM,jdbcType=DECIMAL},
      </if>
      <if test="DOC_AUDIT_USER != null">
        DOC_AUDIT_USER = #{DOC_AUDIT_USER,jdbcType=VARCHAR},
      </if>
      <if test="DOC_AUDIT_DATE != null">
        DOC_AUDIT_DATE = #{DOC_AUDIT_DATE,jdbcType=TIMESTAMP},
      </if>
      <if test="DOC_AUDIT_ACTION != null">
        DOC_AUDIT_ACTION = #{DOC_AUDIT_ACTION,jdbcType=VARCHAR},
      </if>
      <if test="DOC_AUDIT_LOCATION != null">
        DOC_AUDIT_LOCATION = #{DOC_AUDIT_LOCATION,jdbcType=VARCHAR},
      </if>
      <if test="DOC_AUDIT_PROCESS != null">
        DOC_AUDIT_PROCESS = #{DOC_AUDIT_PROCESS,jdbcType=VARCHAR},
      </if>
      <if test="DOC_AUDIT_USERID != null">
        DOC_AUDIT_USERID = #{DOC_AUDIT_USERID,jdbcType=DECIMAL},
      </if>
      <if test="DOC_DOCUMENT_UPLOAD_USER != null">
        DOC_DOCUMENT_UPLOAD_USER = #{DOC_DOCUMENT_UPLOAD_USER,jdbcType=VARCHAR},
      </if>
      <if test="DOC_DOCUMENT_UPLOADED_ONLINE != null">
        DOC_DOCUMENT_UPLOADED_ONLINE = #{DOC_DOCUMENT_UPLOADED_ONLINE,jdbcType=DECIMAL},
      </if>
      <if test="DOC_SOIL_SAMPLE_DATE != null">
        DOC_SOIL_SAMPLE_DATE = #{DOC_SOIL_SAMPLE_DATE,jdbcType=TIMESTAMP},
      </if>
    </set>
    where DOC_DOCUMENT_ID = #{DOC_DOCUMENT_ID,jdbcType=DECIMAL}
  </update>
  <update id="updateByPrimaryKey" parameterType="ie.gov.agriculture.agschemes.dao.TDAS_DOCUMENTS">
    <!--
      WARNING - @mbg.generated
      This element is automatically generated by MyBatis Generator, do not modify.
      This element was generated on Thu May 20 10:54:30 BST 2021.
    -->
    update TDAS_DOCUMENTS
    set DOC_DOCUMENT_TYPE_ID = #{DOC_DOCUMENT_TYPE_ID,jdbcType=DECIMAL},
      DOC_SCHEME_ID = #{DOC_SCHEME_ID,jdbcType=DECIMAL},
      DOC_APPLICATION_ID = #{DOC_APPLICATION_ID,jdbcType=DECIMAL},
      DOC_COMMENT = #{DOC_COMMENT,jdbcType=VARCHAR},
      DOC_DOCUMENT_IMAGE_ID = #{DOC_DOCUMENT_IMAGE_ID,jdbcType=DECIMAL},
      DOC_DOCUMENT_IMAGE_TYPE_ID = #{DOC_DOCUMENT_IMAGE_TYPE_ID,jdbcType=DECIMAL},
      DOC_DOCUMENT_SEQUENCE_NUMBER = #{DOC_DOCUMENT_SEQUENCE_NUMBER,jdbcType=DECIMAL},
      DOC_DOCUMENT_DESCRIPTION = #{DOC_DOCUMENT_DESCRIPTION,jdbcType=VARCHAR},
      DOC_DOCUMENT_DATE_LOADED = #{DOC_DOCUMENT_DATE_LOADED,jdbcType=TIMESTAMP},
      DOC_DOCUMENT_FILE_NAME = #{DOC_DOCUMENT_FILE_NAME,jdbcType=VARCHAR},
      DOC_DOCUMENT_YEAR_CREATED = #{DOC_DOCUMENT_YEAR_CREATED,jdbcType=VARCHAR},
      DOC_VER_NUM = #{DOC_VER_NUM,jdbcType=DECIMAL},
      DOC_AUDIT_USER = #{DOC_AUDIT_USER,jdbcType=VARCHAR},
      DOC_AUDIT_DATE = #{DOC_AUDIT_DATE,jdbcType=TIMESTAMP},
      DOC_AUDIT_ACTION = #{DOC_AUDIT_ACTION,jdbcType=VARCHAR},
      DOC_AUDIT_LOCATION = #{DOC_AUDIT_LOCATION,jdbcType=VARCHAR},
      DOC_AUDIT_PROCESS = #{DOC_AUDIT_PROCESS,jdbcType=VARCHAR},
      DOC_AUDIT_USERID = #{DOC_AUDIT_USERID,jdbcType=DECIMAL},
      DOC_DOCUMENT_UPLOAD_USER = #{DOC_DOCUMENT_UPLOAD_USER,jdbcType=VARCHAR},
      DOC_DOCUMENT_UPLOADED_ONLINE = #{DOC_DOCUMENT_UPLOADED_ONLINE,jdbcType=DECIMAL},
      DOC_SOIL_SAMPLE_DATE = #{DOC_SOIL_SAMPLE_DATE,jdbcType=TIMESTAMP}
    where DOC_DOCUMENT_ID = #{DOC_DOCUMENT_ID,jdbcType=DECIMAL}
  </update>
</mapper>