<?xml version="1.0" encoding="UTF-8"?>
<!DOCTYPE mapper PUBLIC "-//mybatis.org//DTD Mapper 3.0//EN" "http://mybatis.org/dtd/mybatis-3-mapper.dtd">
<mapper namespace="ie.gov.agriculture.agschemes.dao.TDAS_APPLICATIONS_UNDER_QUERYMapper">
  <resultMap id="BaseResultMap" type="ie.gov.agriculture.agschemes.dao.TDAS_APPLICATIONS_UNDER_QUERY">
    <!--
      WARNING - @mbg.generated
      This element is automatically generated by MyBatis Generator, do not modify.
      This element was generated on Tue Apr 13 14:20:19 BST 2021.
    -->
    <result column="APD_APPLICATION_ID" jdbcType="DECIMAL" property="APD_APPLICATION_ID" />
    <result column="APD_APPLICATION_TRACKING_ID" jdbcType="DECIMAL" property="APD_APPLICATION_TRACKING_ID" />
    <result column="APD_DOCUMENT_TYPE" jdbcType="VARCHAR" property="APD_DOCUMENT_TYPE" />
    <result column="APD_DOCUMENT_YEAR" jdbcType="DECIMAL" property="APD_DOCUMENT_YEAR" />
    <result column="APD_USER_COMMENT" jdbcType="VARCHAR" property="APD_USER_COMMENT" />
    <result column="APD_VER_NUM" jdbcType="DECIMAL" property="APD_VER_NUM" />
    <result column="APD_AUDIT_USER" jdbcType="VARCHAR" property="APD_AUDIT_USER" />
    <result column="APD_AUDIT_DATE" jdbcType="TIMESTAMP" property="APD_AUDIT_DATE" />
    <result column="APD_AUDIT_ACTION" jdbcType="VARCHAR" property="APD_AUDIT_ACTION" />
    <result column="APD_AUDIT_LOCATION" jdbcType="VARCHAR" property="APD_AUDIT_LOCATION" />
    <result column="APD_AUDIT_PROCESS" jdbcType="VARCHAR" property="APD_AUDIT_PROCESS" />
    <result column="APD_AUDIT_USERID" jdbcType="DECIMAL" property="APD_AUDIT_USERID" />
  </resultMap>
  <sql id="Example_Where_Clause">
    <!--
      WARNING - @mbg.generated
      This element is automatically generated by MyBatis Generator, do not modify.
      This element was generated on Tue Apr 13 14:20:19 BST 2021.
    -->
    <where>
      <foreach collection="oredCriteria" item="criteria" separator="or">
        <if test="criteria.valid">
          <trim prefix="(" prefixOverrides="and" suffix=")">
            <foreach collection="criteria.criteria" item="criterion">
              <choose>
                <when test="criterion.noValue">
                  and ${criterion.condition}
                </when>
                <when test="criterion.singleValue">
                  and ${criterion.condition} #{criterion.value}
                </when>
                <when test="criterion.betweenValue">
                  and ${criterion.condition} #{criterion.value} and #{criterion.secondValue}
                </when>
                <when test="criterion.listValue">
                  and ${criterion.condition}
                  <foreach close=")" collection="criterion.value" item="listItem" open="(" separator=",">
                    #{listItem}
                  </foreach>
                </when>
              </choose>
            </foreach>
          </trim>
        </if>
      </foreach>
    </where>
  </sql>
  <sql id="Update_By_Example_Where_Clause">
    <!--
      WARNING - @mbg.generated
      This element is automatically generated by MyBatis Generator, do not modify.
      This element was generated on Tue Apr 13 14:20:19 BST 2021.
    -->
    <where>
      <foreach collection="example.oredCriteria" item="criteria" separator="or">
        <if test="criteria.valid">
          <trim prefix="(" prefixOverrides="and" suffix=")">
            <foreach collection="criteria.criteria" item="criterion">
              <choose>
                <when test="criterion.noValue">
                  and ${criterion.condition}
                </when>
                <when test="criterion.singleValue">
                  and ${criterion.condition} #{criterion.value}
                </when>
                <when test="criterion.betweenValue">
                  and ${criterion.condition} #{criterion.value} and #{criterion.secondValue}
                </when>
                <when test="criterion.listValue">
                  and ${criterion.condition}
                  <foreach close=")" collection="criterion.value" item="listItem" open="(" separator=",">
                    #{listItem}
                  </foreach>
                </when>
              </choose>
            </foreach>
          </trim>
        </if>
      </foreach>
    </where>
  </sql>
  <sql id="Base_Column_List">
    <!--
      WARNING - @mbg.generated
      This element is automatically generated by MyBatis Generator, do not modify.
      This element was generated on Tue Apr 13 14:20:19 BST 2021.
    -->
    APD_APPLICATION_ID, APD_APPLICATION_TRACKING_ID, APD_DOCUMENT_TYPE, APD_DOCUMENT_YEAR, 
    APD_USER_COMMENT, APD_VER_NUM, APD_AUDIT_USER, APD_AUDIT_DATE, APD_AUDIT_ACTION, 
    APD_AUDIT_LOCATION, APD_AUDIT_PROCESS, APD_AUDIT_USERID
  </sql>
  <select id="selectByExample" parameterType="ie.gov.agriculture.agschemes.dao.TDAS_APPLICATIONS_UNDER_QUERYExample" resultMap="BaseResultMap">
    <!--
      WARNING - @mbg.generated
      This element is automatically generated by MyBatis Generator, do not modify.
      This element was generated on Tue Apr 13 14:20:19 BST 2021.
    -->
    select
    <if test="distinct">
      distinct
    </if>
    <include refid="Base_Column_List" />
    from TDAS_APPLICATIONS_UNDER_QUERY
    <if test="_parameter != null">
      <include refid="Example_Where_Clause" />
    </if>
    <if test="orderByClause != null">
      order by ${orderByClause}
    </if>
  </select>
  <select id="select_by_application_id" parameterType="java.lang.String" resultMap="BaseResultMap">
    select
    <include refid="Base_Column_List" />
    from TDAS_APPLICATIONS_UNDER_QUERY
    where APD_APPLICATION_ID = #{APP_APPLICATION_ID}
  </select>
  <select id="delete_by_application_id" parameterType="java.lang.String" resultMap="BaseResultMap">
    delete from TDAS_APPLICATIONS_UNDER_QUERY
    where APD_APPLICATION_ID = #{APP_APPLICATION_ID}
  </select>
  <delete id="deleteByExample" parameterType="ie.gov.agriculture.agschemes.dao.TDAS_APPLICATIONS_UNDER_QUERYExample">
    <!--
      WARNING - @mbg.generated
      This element is automatically generated by MyBatis Generator, do not modify.
      This element was generated on Tue Apr 13 14:20:19 BST 2021.
    -->
    delete from TDAS_APPLICATIONS_UNDER_QUERY
    <if test="_parameter != null">
      <include refid="Example_Where_Clause" />
    </if>
  </delete>
  <insert id="insert" parameterType="ie.gov.agriculture.agschemes.dao.TDAS_APPLICATIONS_UNDER_QUERY">
    <!--
      WARNING - @mbg.generated
      This element is automatically generated by MyBatis Generator, do not modify.
      This element was generated on Tue Apr 13 14:20:19 BST 2021.
    -->
    insert into TDAS_APPLICATIONS_UNDER_QUERY (APD_APPLICATION_ID, APD_APPLICATION_TRACKING_ID, 
      APD_DOCUMENT_TYPE, APD_DOCUMENT_YEAR, APD_USER_COMMENT, 
      APD_VER_NUM, APD_AUDIT_USER, APD_AUDIT_DATE, 
      APD_AUDIT_ACTION, APD_AUDIT_LOCATION, APD_AUDIT_PROCESS, 
      APD_AUDIT_USERID)
    values (#{APD_APPLICATION_ID,jdbcType=DECIMAL}, #{APD_APPLICATION_TRACKING_ID,jdbcType=DECIMAL}, 
      #{APD_DOCUMENT_TYPE,jdbcType=VARCHAR}, #{APD_DOCUMENT_YEAR,jdbcType=DECIMAL}, #{APD_USER_COMMENT,jdbcType=VARCHAR}, 
      #{APD_VER_NUM,jdbcType=DECIMAL}, #{APD_AUDIT_USER,jdbcType=VARCHAR}, #{APD_AUDIT_DATE,jdbcType=TIMESTAMP}, 
      #{APD_AUDIT_ACTION,jdbcType=VARCHAR}, #{APD_AUDIT_LOCATION,jdbcType=VARCHAR}, #{APD_AUDIT_PROCESS,jdbcType=VARCHAR}, 
      #{APD_AUDIT_USERID,jdbcType=DECIMAL})
  </insert>
  <insert id="insertSelective" parameterType="ie.gov.agriculture.agschemes.dao.TDAS_APPLICATIONS_UNDER_QUERY">
    <!--
      WARNING - @mbg.generated
      This element is automatically generated by MyBatis Generator, do not modify.
      This element was generated on Tue Apr 13 14:20:19 BST 2021.
    -->
    insert into TDAS_APPLICATIONS_UNDER_QUERY
    <trim prefix="(" suffix=")" suffixOverrides=",">
      <if test="APD_APPLICATION_ID != null">
        APD_APPLICATION_ID,
      </if>
      <if test="APD_APPLICATION_TRACKING_ID != null">
        APD_APPLICATION_TRACKING_ID,
      </if>
      <if test="APD_DOCUMENT_TYPE != null">
        APD_DOCUMENT_TYPE,
      </if>
      <if test="APD_DOCUMENT_YEAR != null">
        APD_DOCUMENT_YEAR,
      </if>
      <if test="APD_USER_COMMENT != null">
        APD_USER_COMMENT,
      </if>
      <if test="APD_VER_NUM != null">
        APD_VER_NUM,
      </if>
      <if test="APD_AUDIT_USER != null">
        APD_AUDIT_USER,
      </if>
      <if test="APD_AUDIT_DATE != null">
        APD_AUDIT_DATE,
      </if>
      <if test="APD_AUDIT_ACTION != null">
        APD_AUDIT_ACTION,
      </if>
      <if test="APD_AUDIT_LOCATION != null">
        APD_AUDIT_LOCATION,
      </if>
      <if test="APD_AUDIT_PROCESS != null">
        APD_AUDIT_PROCESS,
      </if>
      <if test="APD_AUDIT_USERID != null">
        APD_AUDIT_USERID,
      </if>
    </trim>
    <trim prefix="values (" suffix=")" suffixOverrides=",">
      <if test="APD_APPLICATION_ID != null">
        #{APD_APPLICATION_ID,jdbcType=DECIMAL},
      </if>
      <if test="APD_APPLICATION_TRACKING_ID != null">
        #{APD_APPLICATION_TRACKING_ID,jdbcType=DECIMAL},
      </if>
      <if test="APD_DOCUMENT_TYPE != null">
        #{APD_DOCUMENT_TYPE,jdbcType=VARCHAR},
      </if>
      <if test="APD_DOCUMENT_YEAR != null">
        #{APD_DOCUMENT_YEAR,jdbcType=DECIMAL},
      </if>
      <if test="APD_USER_COMMENT != null">
        #{APD_USER_COMMENT,jdbcType=VARCHAR},
      </if>
      <if test="APD_VER_NUM != null">
        #{APD_VER_NUM,jdbcType=DECIMAL},
      </if>
      <if test="APD_AUDIT_USER != null">
        #{APD_AUDIT_USER,jdbcType=VARCHAR},
      </if>
      <if test="APD_AUDIT_DATE != null">
        #{APD_AUDIT_DATE,jdbcType=TIMESTAMP},
      </if>
      <if test="APD_AUDIT_ACTION != null">
        #{APD_AUDIT_ACTION,jdbcType=VARCHAR},
      </if>
      <if test="APD_AUDIT_LOCATION != null">
        #{APD_AUDIT_LOCATION,jdbcType=VARCHAR},
      </if>
      <if test="APD_AUDIT_PROCESS != null">
        #{APD_AUDIT_PROCESS,jdbcType=VARCHAR},
      </if>
      <if test="APD_AUDIT_USERID != null">
        #{APD_AUDIT_USERID,jdbcType=DECIMAL},
      </if>
    </trim>
  </insert>
  <select id="countByExample" parameterType="ie.gov.agriculture.agschemes.dao.TDAS_APPLICATIONS_UNDER_QUERYExample" resultType="java.lang.Long">
    <!--
      WARNING - @mbg.generated
      This element is automatically generated by MyBatis Generator, do not modify.
      This element was generated on Tue Apr 13 14:20:19 BST 2021.
    -->
    select count(*) from TDAS_APPLICATIONS_UNDER_QUERY
    <if test="_parameter != null">
      <include refid="Example_Where_Clause" />
    </if>
  </select>
  <update id="updateByExampleSelective" parameterType="map">
    <!--
      WARNING - @mbg.generated
      This element is automatically generated by MyBatis Generator, do not modify.
      This element was generated on Tue Apr 13 14:20:19 BST 2021.
    -->
    update TDAS_APPLICATIONS_UNDER_QUERY
    <set>
      <if test="record.APD_APPLICATION_ID != null">
        APD_APPLICATION_ID = #{record.APD_APPLICATION_ID,jdbcType=DECIMAL},
      </if>
      <if test="record.APD_APPLICATION_TRACKING_ID != null">
        APD_APPLICATION_TRACKING_ID = #{record.APD_APPLICATION_TRACKING_ID,jdbcType=DECIMAL},
      </if>
      <if test="record.APD_DOCUMENT_TYPE != null">
        APD_DOCUMENT_TYPE = #{record.APD_DOCUMENT_TYPE,jdbcType=VARCHAR},
      </if>
      <if test="record.APD_DOCUMENT_YEAR != null">
        APD_DOCUMENT_YEAR = #{record.APD_DOCUMENT_YEAR,jdbcType=DECIMAL},
      </if>
      <if test="record.APD_USER_COMMENT != null">
        APD_USER_COMMENT = #{record.APD_USER_COMMENT,jdbcType=VARCHAR},
      </if>
      <if test="record.APD_VER_NUM != null">
        APD_VER_NUM = #{record.APD_VER_NUM,jdbcType=DECIMAL},
      </if>
      <if test="record.APD_AUDIT_USER != null">
        APD_AUDIT_USER = #{record.APD_AUDIT_USER,jdbcType=VARCHAR},
      </if>
      <if test="record.APD_AUDIT_DATE != null">
        APD_AUDIT_DATE = #{record.APD_AUDIT_DATE,jdbcType=TIMESTAMP},
      </if>
      <if test="record.APD_AUDIT_ACTION != null">
        APD_AUDIT_ACTION = #{record.APD_AUDIT_ACTION,jdbcType=VARCHAR},
      </if>
      <if test="record.APD_AUDIT_LOCATION != null">
        APD_AUDIT_LOCATION = #{record.APD_AUDIT_LOCATION,jdbcType=VARCHAR},
      </if>
      <if test="record.APD_AUDIT_PROCESS != null">
        APD_AUDIT_PROCESS = #{record.APD_AUDIT_PROCESS,jdbcType=VARCHAR},
      </if>
      <if test="record.APD_AUDIT_USERID != null">
        APD_AUDIT_USERID = #{record.APD_AUDIT_USERID,jdbcType=DECIMAL},
      </if>
    </set>
    <if test="_parameter != null">
      <include refid="Update_By_Example_Where_Clause" />
    </if>
  </update>
  <update id="updateByExample" parameterType="map">
    <!--
      WARNING - @mbg.generated
      This element is automatically generated by MyBatis Generator, do not modify.
      This element was generated on Tue Apr 13 14:20:19 BST 2021.
    -->
    update TDAS_APPLICATIONS_UNDER_QUERY
    set APD_APPLICATION_ID = #{record.APD_APPLICATION_ID,jdbcType=DECIMAL},
      APD_APPLICATION_TRACKING_ID = #{record.APD_APPLICATION_TRACKING_ID,jdbcType=DECIMAL},
      APD_DOCUMENT_TYPE = #{record.APD_DOCUMENT_TYPE,jdbcType=VARCHAR},
      APD_DOCUMENT_YEAR = #{record.APD_DOCUMENT_YEAR,jdbcType=DECIMAL},
      APD_USER_COMMENT = #{record.APD_USER_COMMENT,jdbcType=VARCHAR},
      APD_VER_NUM = #{record.APD_VER_NUM,jdbcType=DECIMAL},
      APD_AUDIT_USER = #{record.APD_AUDIT_USER,jdbcType=VARCHAR},
      APD_AUDIT_DATE = #{record.APD_AUDIT_DATE,jdbcType=TIMESTAMP},
      APD_AUDIT_ACTION = #{record.APD_AUDIT_ACTION,jdbcType=VARCHAR},
      APD_AUDIT_LOCATION = #{record.APD_AUDIT_LOCATION,jdbcType=VARCHAR},
      APD_AUDIT_PROCESS = #{record.APD_AUDIT_PROCESS,jdbcType=VARCHAR},
      APD_AUDIT_USERID = #{record.APD_AUDIT_USERID,jdbcType=DECIMAL}
    <if test="_parameter != null">
      <include refid="Update_By_Example_Where_Clause" />
    </if>
  </update>
</mapper>