<?xml version="1.0" encoding="UTF-8"?>
<!DOCTYPE mapper PUBLIC "-//mybatis.org//DTD Mapper 3.0//EN" "http://mybatis.org/dtd/mybatis-3-mapper.dtd">
<mapper namespace="ie.gov.agriculture.agschemes.dao.TDAS_APPLICATIONSMapper">
  <resultMap id="BaseResultMap" type="ie.gov.agriculture.agschemes.dao.TDAS_APPLICATIONS">
    <!--
      WARNING - @mbg.generated
      This element is automatically generated by MyBatis Generator, do not modify.
      This element was generated on Tue Mar 02 16:43:23 GMT 2021.
    -->
    <id column="APP_APPLICATION_ID" jdbcType="DECIMAL" property="APP_APPLICATION_ID" />
    <result column="APP_APPLICATION_CODE" jdbcType="DECIMAL" property="APP_APPLICATION_CODE" />
    <result column="APP_CURRENT_BUSINESS_ID" jdbcType="VARCHAR" property="APP_CURRENT_BUSINESS_ID" />
    <result column="APP_SCHEME_YEAR" jdbcType="DECIMAL" property="APP_SCHEME_YEAR" />
    <result column="APP_CURRENT_STATUS_CODE" jdbcType="DECIMAL" property="APP_CURRENT_STATUS_CODE" />
    <result column="APP_CURRENT_STATUS_DATE" jdbcType="TIMESTAMP" property="APP_CURRENT_STATUS_DATE" />
    <result column="APP_OWNER_BUSINESS_ID" jdbcType="VARCHAR" property="APP_OWNER_BUSINESS_ID" />
    <result column="APP_IS_PARTNERSHIP" jdbcType="DECIMAL" property="APP_IS_PARTNERSHIP" />
    <result column="APP_CURRENT_DATE_OF_APPLIC" jdbcType="TIMESTAMP" property="APP_CURRENT_DATE_OF_APPLIC" />
    <result column="APP_PROPOSAL_CURRENT_YEAR_NO" jdbcType="DECIMAL" property="APP_PROPOSAL_CURRENT_YEAR_NO" />
    <result column="APP_APPLICATION_ID_PROPOSAL" jdbcType="DECIMAL" property="APP_APPLICATION_ID_PROPOSAL" />
    <result column="APP_VER_NUM" jdbcType="DECIMAL" property="APP_VER_NUM" />
    <result column="APP_AUDIT_USER" jdbcType="VARCHAR" property="APP_AUDIT_USER" />
    <result column="APP_AUDIT_DATE" jdbcType="TIMESTAMP" property="APP_AUDIT_DATE" />
    <result column="APP_AUDIT_ACTION" jdbcType="VARCHAR" property="APP_AUDIT_ACTION" />
    <result column="APP_AUDIT_LOCATION" jdbcType="VARCHAR" property="APP_AUDIT_LOCATION" />
    <result column="APP_AUDIT_PROCESS" jdbcType="VARCHAR" property="APP_AUDIT_PROCESS" />
    <result column="APP_AUDIT_USERID" jdbcType="DECIMAL" property="APP_AUDIT_USERID" />
  </resultMap>
  <sql id="Example_Where_Clause">
    <!--
      WARNING - @mbg.generated
      This element is automatically generated by MyBatis Generator, do not modify.
      This element was generated on Tue Mar 02 16:43:23 GMT 2021.
    -->
    <where>
      <foreach collection="oredCriteria" item="criteria" separator="or">
        <if test="criteria.valid">
          <trim prefix="(" prefixOverrides="and" suffix=")">
            <foreach collection="criteria.criteria" item="criterion">
              <choose>
                <when test="criterion.noValue">
                  and ${criterion.condition}
                </when>
                <when test="criterion.singleValue">
                  and ${criterion.condition} #{criterion.value}
                </when>
                <when test="criterion.betweenValue">
                  and ${criterion.condition} #{criterion.value} and #{criterion.secondValue}
                </when>
                <when test="criterion.listValue">
                  and ${criterion.condition}
                  <foreach close=")" collection="criterion.value" item="listItem" open="(" separator=",">
                    #{listItem}
                  </foreach>
                </when>
              </choose>
            </foreach>
          </trim>
        </if>
      </foreach>
    </where>
  </sql>
  <sql id="Update_By_Example_Where_Clause">
    <!--
      WARNING - @mbg.generated
      This element is automatically generated by MyBatis Generator, do not modify.
      This element was generated on Tue Mar 02 16:43:23 GMT 2021.
    -->
    <where>
      <foreach collection="example.oredCriteria" item="criteria" separator="or">
        <if test="criteria.valid">
          <trim prefix="(" prefixOverrides="and" suffix=")">
            <foreach collection="criteria.criteria" item="criterion">
              <choose>
                <when test="criterion.noValue">
                  and ${criterion.condition}
                </when>
                <when test="criterion.singleValue">
                  and ${criterion.condition} #{criterion.value}
                </when>
                <when test="criterion.betweenValue">
                  and ${criterion.condition} #{criterion.value} and #{criterion.secondValue}
                </when>
                <when test="criterion.listValue">
                  and ${criterion.condition}
                  <foreach close=")" collection="criterion.value" item="listItem" open="(" separator=",">
                    #{listItem}
                  </foreach>
                </when>
              </choose>
            </foreach>
          </trim>
        </if>
      </foreach>
    </where>
  </sql>
  <sql id="Base_Column_List">
    <!--
      WARNING - @mbg.generated
      This element is automatically generated by MyBatis Generator, do not modify.
      This element was generated on Tue Mar 02 16:43:23 GMT 2021.
    -->
    APP_APPLICATION_ID, APP_APPLICATION_CODE, APP_CURRENT_BUSINESS_ID, APP_SCHEME_YEAR, 
    APP_CURRENT_STATUS_CODE, APP_CURRENT_STATUS_DATE, APP_OWNER_BUSINESS_ID, APP_IS_PARTNERSHIP, 
    APP_CURRENT_DATE_OF_APPLIC, APP_PROPOSAL_CURRENT_YEAR_NO, APP_APPLICATION_ID_PROPOSAL, 
    APP_VER_NUM, APP_AUDIT_USER, APP_AUDIT_DATE, APP_AUDIT_ACTION, APP_AUDIT_LOCATION, 
    APP_AUDIT_PROCESS, APP_AUDIT_USERID
  </sql>
  <select id="selectByExample" parameterType="ie.gov.agriculture.agschemes.dao.TDAS_APPLICATIONSExample" resultMap="BaseResultMap">
    <!--
      WARNING - @mbg.generated
      This element is automatically generated by MyBatis Generator, do not modify.
      This element was generated on Tue Mar 02 16:43:23 GMT 2021.
    -->
    select
    <if test="distinct">
      distinct
    </if>
    <include refid="Base_Column_List" />
    from TDAS_APPLICATIONS
    <if test="_parameter != null">
      <include refid="Example_Where_Clause" />
    </if>
    <if test="orderByClause != null">
      order by ${orderByClause}
    </if>
  </select>
  <select id="selectByPrimaryKey" parameterType="java.math.BigDecimal" resultMap="BaseResultMap">
    <!--
      WARNING - @mbg.generated
      This element is automatically generated by MyBatis Generator, do not modify.
      This element was generated on Tue Mar 02 16:43:23 GMT 2021.
    -->
    select 
    <include refid="Base_Column_List" />
    from TDAS_APPLICATIONS
    where APP_APPLICATION_ID = #{APP_APPLICATION_ID,jdbcType=DECIMAL}
  </select>

  <select id="select_by_business_id" parameterType="java.util.HashMap" resultMap="BaseResultMap">
    select
    <include refid="Base_Column_List" />
    from TDAS_APPLICATIONS
    where APP_CURRENT_BUSINESS_ID = #{APP_CURRENT_BUSINESS_ID}
    and APP_SCHEME_YEAR = #{APP_SCHEME_YEAR}
  </select>

  <select id="select_by_application_id" parameterType="java.lang.String" resultMap="BaseResultMap">
    select
    <include refid="Base_Column_List" />
    from TDAS_APPLICATIONS
    where APP_APPLICATION_ID = #{APP_APPLICATION_ID}
  </select>

  <select id="delete_by_application_id" parameterType="java.lang.String" resultMap="BaseResultMap">
    delete from TDAS_APPLICATIONS
    where APP_APPLICATION_ID = #{APP_APPLICATION_ID}
  </select>

  <delete id="deleteByPrimaryKey" parameterType="java.math.BigDecimal">
    <!--
      WARNING - @mbg.generated
      This element is automatically generated by MyBatis Generator, do not modify.
      This element was generated on Tue Mar 02 16:43:23 GMT 2021.
    -->
    delete from TDAS_APPLICATIONS
    where APP_APPLICATION_ID = #{APP_APPLICATION_ID,jdbcType=DECIMAL}
  </delete>
  <delete id="deleteByExample" parameterType="ie.gov.agriculture.agschemes.dao.TDAS_APPLICATIONSExample">
    <!--
      WARNING - @mbg.generated
      This element is automatically generated by MyBatis Generator, do not modify.
      This element was generated on Tue Mar 02 16:43:23 GMT 2021.
    -->
    delete from TDAS_APPLICATIONS
    <if test="_parameter != null">
      <include refid="Example_Where_Clause" />
    </if>
  </delete>
  <insert id="insert" parameterType="ie.gov.agriculture.agschemes.dao.TDAS_APPLICATIONS">
    <!--
      WARNING - @mbg.generated
      This element is automatically generated by MyBatis Generator, do not modify.
      This element was generated on Tue Mar 02 16:43:23 GMT 2021.
    -->
    insert into TDAS_APPLICATIONS (APP_APPLICATION_ID, APP_APPLICATION_CODE, 
      APP_CURRENT_BUSINESS_ID, APP_SCHEME_YEAR, 
      APP_CURRENT_STATUS_CODE, APP_CURRENT_STATUS_DATE, 
      APP_OWNER_BUSINESS_ID, APP_IS_PARTNERSHIP, 
      APP_CURRENT_DATE_OF_APPLIC, APP_PROPOSAL_CURRENT_YEAR_NO, 
      APP_APPLICATION_ID_PROPOSAL, APP_VER_NUM, 
      APP_AUDIT_USER, APP_AUDIT_DATE, APP_AUDIT_ACTION, 
      APP_AUDIT_LOCATION, APP_AUDIT_PROCESS, 
      APP_AUDIT_USERID)
    values (#{APP_APPLICATION_ID,jdbcType=DECIMAL}, #{APP_APPLICATION_CODE,jdbcType=DECIMAL}, 
      #{APP_CURRENT_BUSINESS_ID,jdbcType=VARCHAR}, #{APP_SCHEME_YEAR,jdbcType=DECIMAL}, 
      #{APP_CURRENT_STATUS_CODE,jdbcType=DECIMAL}, #{APP_CURRENT_STATUS_DATE,jdbcType=TIMESTAMP}, 
      #{APP_OWNER_BUSINESS_ID,jdbcType=VARCHAR}, #{APP_IS_PARTNERSHIP,jdbcType=DECIMAL}, 
      #{APP_CURRENT_DATE_OF_APPLIC,jdbcType=TIMESTAMP}, #{APP_PROPOSAL_CURRENT_YEAR_NO,jdbcType=DECIMAL}, 
      #{APP_APPLICATION_ID_PROPOSAL,jdbcType=DECIMAL}, #{APP_VER_NUM,jdbcType=DECIMAL}, 
      #{APP_AUDIT_USER,jdbcType=VARCHAR}, #{APP_AUDIT_DATE,jdbcType=TIMESTAMP}, #{APP_AUDIT_ACTION,jdbcType=VARCHAR}, 
      #{APP_AUDIT_LOCATION,jdbcType=VARCHAR}, #{APP_AUDIT_PROCESS,jdbcType=VARCHAR}, 
      #{APP_AUDIT_USERID,jdbcType=DECIMAL})
  </insert>
  <insert id="insertSelective" parameterType="ie.gov.agriculture.agschemes.dao.TDAS_APPLICATIONS">
    <!--
      WARNING - @mbg.generated
      This element is automatically generated by MyBatis Generator, do not modify.
      This element was generated on Tue Mar 02 16:43:23 GMT 2021.
    -->
    insert into TDAS_APPLICATIONS
    <trim prefix="(" suffix=")" suffixOverrides=",">
      <if test="APP_APPLICATION_ID != null">
        APP_APPLICATION_ID,
      </if>
      <if test="APP_APPLICATION_CODE != null">
        APP_APPLICATION_CODE,
      </if>
      <if test="APP_CURRENT_BUSINESS_ID != null">
        APP_CURRENT_BUSINESS_ID,
      </if>
      <if test="APP_SCHEME_YEAR != null">
        APP_SCHEME_YEAR,
      </if>
      <if test="APP_CURRENT_STATUS_CODE != null">
        APP_CURRENT_STATUS_CODE,
      </if>
      <if test="APP_CURRENT_STATUS_DATE != null">
        APP_CURRENT_STATUS_DATE,
      </if>
      <if test="APP_OWNER_BUSINESS_ID != null">
        APP_OWNER_BUSINESS_ID,
      </if>
      <if test="APP_IS_PARTNERSHIP != null">
        APP_IS_PARTNERSHIP,
      </if>
      <if test="APP_CURRENT_DATE_OF_APPLIC != null">
        APP_CURRENT_DATE_OF_APPLIC,
      </if>
      <if test="APP_PROPOSAL_CURRENT_YEAR_NO != null">
        APP_PROPOSAL_CURRENT_YEAR_NO,
      </if>
      <if test="APP_APPLICATION_ID_PROPOSAL != null">
        APP_APPLICATION_ID_PROPOSAL,
      </if>
      <if test="APP_VER_NUM != null">
        APP_VER_NUM,
      </if>
      <if test="APP_AUDIT_USER != null">
        APP_AUDIT_USER,
      </if>
      <if test="APP_AUDIT_DATE != null">
        APP_AUDIT_DATE,
      </if>
      <if test="APP_AUDIT_ACTION != null">
        APP_AUDIT_ACTION,
      </if>
      <if test="APP_AUDIT_LOCATION != null">
        APP_AUDIT_LOCATION,
      </if>
      <if test="APP_AUDIT_PROCESS != null">
        APP_AUDIT_PROCESS,
      </if>
      <if test="APP_AUDIT_USERID != null">
        APP_AUDIT_USERID,
      </if>
    </trim>
    <trim prefix="values (" suffix=")" suffixOverrides=",">
      <if test="APP_APPLICATION_ID != null">
        #{APP_APPLICATION_ID,jdbcType=DECIMAL},
      </if>
      <if test="APP_APPLICATION_CODE != null">
        #{APP_APPLICATION_CODE,jdbcType=DECIMAL},
      </if>
      <if test="APP_CURRENT_BUSINESS_ID != null">
        #{APP_CURRENT_BUSINESS_ID,jdbcType=VARCHAR},
      </if>
      <if test="APP_SCHEME_YEAR != null">
        #{APP_SCHEME_YEAR,jdbcType=DECIMAL},
      </if>
      <if test="APP_CURRENT_STATUS_CODE != null">
        #{APP_CURRENT_STATUS_CODE,jdbcType=DECIMAL},
      </if>
      <if test="APP_CURRENT_STATUS_DATE != null">
        #{APP_CURRENT_STATUS_DATE,jdbcType=TIMESTAMP},
      </if>
      <if test="APP_OWNER_BUSINESS_ID != null">
        #{APP_OWNER_BUSINESS_ID,jdbcType=VARCHAR},
      </if>
      <if test="APP_IS_PARTNERSHIP != null">
        #{APP_IS_PARTNERSHIP,jdbcType=DECIMAL},
      </if>
      <if test="APP_CURRENT_DATE_OF_APPLIC != null">
        #{APP_CURRENT_DATE_OF_APPLIC,jdbcType=TIMESTAMP},
      </if>
      <if test="APP_PROPOSAL_CURRENT_YEAR_NO != null">
        #{APP_PROPOSAL_CURRENT_YEAR_NO,jdbcType=DECIMAL},
      </if>
      <if test="APP_APPLICATION_ID_PROPOSAL != null">
        #{APP_APPLICATION_ID_PROPOSAL,jdbcType=DECIMAL},
      </if>
      <if test="APP_VER_NUM != null">
        #{APP_VER_NUM,jdbcType=DECIMAL},
      </if>
      <if test="APP_AUDIT_USER != null">
        #{APP_AUDIT_USER,jdbcType=VARCHAR},
      </if>
      <if test="APP_AUDIT_DATE != null">
        #{APP_AUDIT_DATE,jdbcType=TIMESTAMP},
      </if>
      <if test="APP_AUDIT_ACTION != null">
        #{APP_AUDIT_ACTION,jdbcType=VARCHAR},
      </if>
      <if test="APP_AUDIT_LOCATION != null">
        #{APP_AUDIT_LOCATION,jdbcType=VARCHAR},
      </if>
      <if test="APP_AUDIT_PROCESS != null">
        #{APP_AUDIT_PROCESS,jdbcType=VARCHAR},
      </if>
      <if test="APP_AUDIT_USERID != null">
        #{APP_AUDIT_USERID,jdbcType=DECIMAL},
      </if>
    </trim>
  </insert>
  <select id="countByExample" parameterType="ie.gov.agriculture.agschemes.dao.TDAS_APPLICATIONSExample" resultType="java.lang.Long">
    <!--
      WARNING - @mbg.generated
      This element is automatically generated by MyBatis Generator, do not modify.
      This element was generated on Tue Mar 02 16:43:23 GMT 2021.
    -->
    select count(*) from TDAS_APPLICATIONS
    <if test="_parameter != null">
      <include refid="Example_Where_Clause" />
    </if>
  </select>
  <update id="updateByExampleSelective" parameterType="map">
    <!--
      WARNING - @mbg.generated
      This element is automatically generated by MyBatis Generator, do not modify.
      This element was generated on Tue Mar 02 16:43:23 GMT 2021.
    -->
    update TDAS_APPLICATIONS
    <set>
      <if test="record.APP_APPLICATION_ID != null">
        APP_APPLICATION_ID = #{record.APP_APPLICATION_ID,jdbcType=DECIMAL},
      </if>
      <if test="record.APP_APPLICATION_CODE != null">
        APP_APPLICATION_CODE = #{record.APP_APPLICATION_CODE,jdbcType=DECIMAL},
      </if>
      <if test="record.APP_CURRENT_BUSINESS_ID != null">
        APP_CURRENT_BUSINESS_ID = #{record.APP_CURRENT_BUSINESS_ID,jdbcType=VARCHAR},
      </if>
      <if test="record.APP_SCHEME_YEAR != null">
        APP_SCHEME_YEAR = #{record.APP_SCHEME_YEAR,jdbcType=DECIMAL},
      </if>
      <if test="record.APP_CURRENT_STATUS_CODE != null">
        APP_CURRENT_STATUS_CODE = #{record.APP_CURRENT_STATUS_CODE,jdbcType=DECIMAL},
      </if>
      <if test="record.APP_CURRENT_STATUS_DATE != null">
        APP_CURRENT_STATUS_DATE = #{record.APP_CURRENT_STATUS_DATE,jdbcType=TIMESTAMP},
      </if>
      <if test="record.APP_OWNER_BUSINESS_ID != null">
        APP_OWNER_BUSINESS_ID = #{record.APP_OWNER_BUSINESS_ID,jdbcType=VARCHAR},
      </if>
      <if test="record.APP_IS_PARTNERSHIP != null">
        APP_IS_PARTNERSHIP = #{record.APP_IS_PARTNERSHIP,jdbcType=DECIMAL},
      </if>
      <if test="record.APP_CURRENT_DATE_OF_APPLIC != null">
        APP_CURRENT_DATE_OF_APPLIC = #{record.APP_CURRENT_DATE_OF_APPLIC,jdbcType=TIMESTAMP},
      </if>
      <if test="record.APP_PROPOSAL_CURRENT_YEAR_NO != null">
        APP_PROPOSAL_CURRENT_YEAR_NO = #{record.APP_PROPOSAL_CURRENT_YEAR_NO,jdbcType=DECIMAL},
      </if>
      <if test="record.APP_APPLICATION_ID_PROPOSAL != null">
        APP_APPLICATION_ID_PROPOSAL = #{record.APP_APPLICATION_ID_PROPOSAL,jdbcType=DECIMAL},
      </if>
      <if test="record.APP_VER_NUM != null">
        APP_VER_NUM = #{record.APP_VER_NUM,jdbcType=DECIMAL},
      </if>
      <if test="record.APP_AUDIT_USER != null">
        APP_AUDIT_USER = #{record.APP_AUDIT_USER,jdbcType=VARCHAR},
      </if>
      <if test="record.APP_AUDIT_DATE != null">
        APP_AUDIT_DATE = #{record.APP_AUDIT_DATE,jdbcType=TIMESTAMP},
      </if>
      <if test="record.APP_AUDIT_ACTION != null">
        APP_AUDIT_ACTION = #{record.APP_AUDIT_ACTION,jdbcType=VARCHAR},
      </if>
      <if test="record.APP_AUDIT_LOCATION != null">
        APP_AUDIT_LOCATION = #{record.APP_AUDIT_LOCATION,jdbcType=VARCHAR},
      </if>
      <if test="record.APP_AUDIT_PROCESS != null">
        APP_AUDIT_PROCESS = #{record.APP_AUDIT_PROCESS,jdbcType=VARCHAR},
      </if>
      <if test="record.APP_AUDIT_USERID != null">
        APP_AUDIT_USERID = #{record.APP_AUDIT_USERID,jdbcType=DECIMAL},
      </if>
    </set>
    <if test="_parameter != null">
      <include refid="Update_By_Example_Where_Clause" />
    </if>
  </update>
  <update id="updateByExample" parameterType="map">
    <!--
      WARNING - @mbg.generated
      This element is automatically generated by MyBatis Generator, do not modify.
      This element was generated on Tue Mar 02 16:43:23 GMT 2021.
    -->
    update TDAS_APPLICATIONS
    set APP_APPLICATION_ID = #{record.APP_APPLICATION_ID,jdbcType=DECIMAL},
      APP_APPLICATION_CODE = #{record.APP_APPLICATION_CODE,jdbcType=DECIMAL},
      APP_CURRENT_BUSINESS_ID = #{record.APP_CURRENT_BUSINESS_ID,jdbcType=VARCHAR},
      APP_SCHEME_YEAR = #{record.APP_SCHEME_YEAR,jdbcType=DECIMAL},
      APP_CURRENT_STATUS_CODE = #{record.APP_CURRENT_STATUS_CODE,jdbcType=DECIMAL},
      APP_CURRENT_STATUS_DATE = #{record.APP_CURRENT_STATUS_DATE,jdbcType=TIMESTAMP},
      APP_OWNER_BUSINESS_ID = #{record.APP_OWNER_BUSINESS_ID,jdbcType=VARCHAR},
      APP_IS_PARTNERSHIP = #{record.APP_IS_PARTNERSHIP,jdbcType=DECIMAL},
      APP_CURRENT_DATE_OF_APPLIC = #{record.APP_CURRENT_DATE_OF_APPLIC,jdbcType=TIMESTAMP},
      APP_PROPOSAL_CURRENT_YEAR_NO = #{record.APP_PROPOSAL_CURRENT_YEAR_NO,jdbcType=DECIMAL},
      APP_APPLICATION_ID_PROPOSAL = #{record.APP_APPLICATION_ID_PROPOSAL,jdbcType=DECIMAL},
      APP_VER_NUM = #{record.APP_VER_NUM,jdbcType=DECIMAL},
      APP_AUDIT_USER = #{record.APP_AUDIT_USER,jdbcType=VARCHAR},
      APP_AUDIT_DATE = #{record.APP_AUDIT_DATE,jdbcType=TIMESTAMP},
      APP_AUDIT_ACTION = #{record.APP_AUDIT_ACTION,jdbcType=VARCHAR},
      APP_AUDIT_LOCATION = #{record.APP_AUDIT_LOCATION,jdbcType=VARCHAR},
      APP_AUDIT_PROCESS = #{record.APP_AUDIT_PROCESS,jdbcType=VARCHAR},
      APP_AUDIT_USERID = #{record.APP_AUDIT_USERID,jdbcType=DECIMAL}
    <if test="_parameter != null">
      <include refid="Update_By_Example_Where_Clause" />
    </if>
  </update>
  <update id="updateByPrimaryKeySelective" parameterType="ie.gov.agriculture.agschemes.dao.TDAS_APPLICATIONS">
    <!--
      WARNING - @mbg.generated
      This element is automatically generated by MyBatis Generator, do not modify.
      This element was generated on Tue Mar 02 16:43:23 GMT 2021.
    -->
    update TDAS_APPLICATIONS
    <set>
      <if test="APP_APPLICATION_CODE != null">
        APP_APPLICATION_CODE = #{APP_APPLICATION_CODE,jdbcType=DECIMAL},
      </if>
      <if test="APP_CURRENT_BUSINESS_ID != null">
        APP_CURRENT_BUSINESS_ID = #{APP_CURRENT_BUSINESS_ID,jdbcType=VARCHAR},
      </if>
      <if test="APP_SCHEME_YEAR != null">
        APP_SCHEME_YEAR = #{APP_SCHEME_YEAR,jdbcType=DECIMAL},
      </if>
      <if test="APP_CURRENT_STATUS_CODE != null">
        APP_CURRENT_STATUS_CODE = #{APP_CURRENT_STATUS_CODE,jdbcType=DECIMAL},
      </if>
      <if test="APP_CURRENT_STATUS_DATE != null">
        APP_CURRENT_STATUS_DATE = #{APP_CURRENT_STATUS_DATE,jdbcType=TIMESTAMP},
      </if>
      <if test="APP_OWNER_BUSINESS_ID != null">
        APP_OWNER_BUSINESS_ID = #{APP_OWNER_BUSINESS_ID,jdbcType=VARCHAR},
      </if>
      <if test="APP_IS_PARTNERSHIP != null">
        APP_IS_PARTNERSHIP = #{APP_IS_PARTNERSHIP,jdbcType=DECIMAL},
      </if>
      <if test="APP_CURRENT_DATE_OF_APPLIC != null">
        APP_CURRENT_DATE_OF_APPLIC = #{APP_CURRENT_DATE_OF_APPLIC,jdbcType=TIMESTAMP},
      </if>
      <if test="APP_PROPOSAL_CURRENT_YEAR_NO != null">
        APP_PROPOSAL_CURRENT_YEAR_NO = #{APP_PROPOSAL_CURRENT_YEAR_NO,jdbcType=DECIMAL},
      </if>
      <if test="APP_APPLICATION_ID_PROPOSAL != null">
        APP_APPLICATION_ID_PROPOSAL = #{APP_APPLICATION_ID_PROPOSAL,jdbcType=DECIMAL},
      </if>
      <if test="APP_VER_NUM != null">
        APP_VER_NUM = #{APP_VER_NUM,jdbcType=DECIMAL},
      </if>
      <if test="APP_AUDIT_USER != null">
        APP_AUDIT_USER = #{APP_AUDIT_USER,jdbcType=VARCHAR},
      </if>
      <if test="APP_AUDIT_DATE != null">
        APP_AUDIT_DATE = #{APP_AUDIT_DATE,jdbcType=TIMESTAMP},
      </if>
      <if test="APP_AUDIT_ACTION != null">
        APP_AUDIT_ACTION = #{APP_AUDIT_ACTION,jdbcType=VARCHAR},
      </if>
      <if test="APP_AUDIT_LOCATION != null">
        APP_AUDIT_LOCATION = #{APP_AUDIT_LOCATION,jdbcType=VARCHAR},
      </if>
      <if test="APP_AUDIT_PROCESS != null">
        APP_AUDIT_PROCESS = #{APP_AUDIT_PROCESS,jdbcType=VARCHAR},
      </if>
      <if test="APP_AUDIT_USERID != null">
        APP_AUDIT_USERID = #{APP_AUDIT_USERID,jdbcType=DECIMAL},
      </if>
    </set>
    where APP_APPLICATION_ID = #{APP_APPLICATION_ID,jdbcType=DECIMAL}
  </update>
  <update id="updateByPrimaryKey" parameterType="ie.gov.agriculture.agschemes.dao.TDAS_APPLICATIONS">
    <!--
      WARNING - @mbg.generated
      This element is automatically generated by MyBatis Generator, do not modify.
      This element was generated on Tue Mar 02 16:43:23 GMT 2021.
    -->
    update TDAS_APPLICATIONS
    set APP_APPLICATION_CODE = #{APP_APPLICATION_CODE,jdbcType=DECIMAL},
      APP_CURRENT_BUSINESS_ID = #{APP_CURRENT_BUSINESS_ID,jdbcType=VARCHAR},
      APP_SCHEME_YEAR = #{APP_SCHEME_YEAR,jdbcType=DECIMAL},
      APP_CURRENT_STATUS_CODE = #{APP_CURRENT_STATUS_CODE,jdbcType=DECIMAL},
      APP_CURRENT_STATUS_DATE = #{APP_CURRENT_STATUS_DATE,jdbcType=TIMESTAMP},
      APP_OWNER_BUSINESS_ID = #{APP_OWNER_BUSINESS_ID,jdbcType=VARCHAR},
      APP_IS_PARTNERSHIP = #{APP_IS_PARTNERSHIP,jdbcType=DECIMAL},
      APP_CURRENT_DATE_OF_APPLIC = #{APP_CURRENT_DATE_OF_APPLIC,jdbcType=TIMESTAMP},
      APP_PROPOSAL_CURRENT_YEAR_NO = #{APP_PROPOSAL_CURRENT_YEAR_NO,jdbcType=DECIMAL},
      APP_APPLICATION_ID_PROPOSAL = #{APP_APPLICATION_ID_PROPOSAL,jdbcType=DECIMAL},
      APP_VER_NUM = #{APP_VER_NUM,jdbcType=DECIMAL},
      APP_AUDIT_USER = #{APP_AUDIT_USER,jdbcType=VARCHAR},
      APP_AUDIT_DATE = #{APP_AUDIT_DATE,jdbcType=TIMESTAMP},
      APP_AUDIT_ACTION = #{APP_AUDIT_ACTION,jdbcType=VARCHAR},
      APP_AUDIT_LOCATION = #{APP_AUDIT_LOCATION,jdbcType=VARCHAR},
      APP_AUDIT_PROCESS = #{APP_AUDIT_PROCESS,jdbcType=VARCHAR},
      APP_AUDIT_USERID = #{APP_AUDIT_USERID,jdbcType=DECIMAL}
    where APP_APPLICATION_ID = #{APP_APPLICATION_ID,jdbcType=DECIMAL}
  </update>
</mapper>