<?xml version="1.0" encoding="UTF-8"?>
<!DOCTYPE mapper PUBLIC "-//mybatis.org//DTD Mapper 3.0//EN" "http://mybatis.org/dtd/mybatis-3-mapper.dtd">
<mapper namespace="ie.gov.agriculture.agschemes.dao.TSAS_APPLICATIONS_TYPEMapper">
  <resultMap id="BaseResultMap" type="ie.gov.agriculture.agschemes.dao.TSAS_APPLICATIONS_TYPE">
    <!--
      WARNING - @mbg.generated
      This element is automatically generated by MyBatis Generator, do not modify.
      This element was generated on Thu May 27 14:32:56 BST 2021.
    -->
    <id column="APPT_APPLICATION_CODE" jdbcType="DECIMAL" property="APPT_APPLICATION_CODE" />
    <result column="APPT_APPLICATION_DESCRIPTION" jdbcType="VARCHAR" property="APPT_APPLICATION_DESCRIPTION" />
    <result column="APPT_APPLIC_TYPE_DISPLAY_NAME" jdbcType="VARCHAR" property="APPT_APPLIC_TYPE_DISPLAY_NAME" />
    <result column="APPT_SCHEME_ID" jdbcType="DECIMAL" property="APPT_SCHEME_ID" />
    <result column="APPT_APPLIC_TYPE_LEVEL" jdbcType="DECIMAL" property="APPT_APPLIC_TYPE_LEVEL" />
    <result column="APPT_APPLIC_TYPE_SUBLEVEL" jdbcType="DECIMAL" property="APPT_APPLIC_TYPE_SUBLEVEL" />
    <result column="APPT_APPLICATION_CODE_MAIN" jdbcType="DECIMAL" property="APPT_APPLICATION_CODE_MAIN" />
    <result column="APPT_IS_FOR_PAYMENT_PROCESSING" jdbcType="DECIMAL" property="APPT_IS_FOR_PAYMENT_PROCESSING" />
    <result column="APPT_IS_FOR_PENALTY_PROCESSING" jdbcType="DECIMAL" property="APPT_IS_FOR_PENALTY_PROCESSING" />
    <result column="APPT_PAYMENT_AMOUNT_MINIMUM" jdbcType="DECIMAL" property="APPT_PAYMENT_AMOUNT_MINIMUM" />
    <result column="APPT_PAYMENT_AMOUNT_MAXIMUM" jdbcType="DECIMAL" property="APPT_PAYMENT_AMOUNT_MAXIMUM" />
    <result column="APPT_PROPOSAL_SCHEME_YEAR" jdbcType="DECIMAL" property="APPT_PROPOSAL_SCHEME_YEAR" />
    <result column="APPT_IS_MULTI_YEAR_PROPOSAL" jdbcType="DECIMAL" property="APPT_IS_MULTI_YEAR_PROPOSAL" />
    <result column="APPT_TOTAL_PROPOSAL_YEARS" jdbcType="DECIMAL" property="APPT_TOTAL_PROPOSAL_YEARS" />
    <result column="APPT_APPLICATION_OPENING_DATE" jdbcType="TIMESTAMP" property="APPT_APPLICATION_OPENING_DATE" />
    <result column="APPT_APPLICATION_CLOSING_DATE" jdbcType="TIMESTAMP" property="APPT_APPLICATION_CLOSING_DATE" />
    <result column="APPT_VER_NUM" jdbcType="DECIMAL" property="APPT_VER_NUM" />
    <result column="APPT_AUDIT_USER" jdbcType="VARCHAR" property="APPT_AUDIT_USER" />
    <result column="APPT_AUDIT_DATE" jdbcType="TIMESTAMP" property="APPT_AUDIT_DATE" />
    <result column="APPT_AUDIT_ACTION" jdbcType="VARCHAR" property="APPT_AUDIT_ACTION" />
    <result column="APPT_AUDIT_LOCATION" jdbcType="VARCHAR" property="APPT_AUDIT_LOCATION" />
    <result column="APPT_AUDIT_PROCESS" jdbcType="VARCHAR" property="APPT_AUDIT_PROCESS" />
    <result column="APPT_AUDIT_USERID" jdbcType="DECIMAL" property="APPT_AUDIT_USERID" />
  </resultMap>
  <sql id="Example_Where_Clause">
    <!--
      WARNING - @mbg.generated
      This element is automatically generated by MyBatis Generator, do not modify.
      This element was generated on Thu May 27 14:32:56 BST 2021.
    -->
    <where>
      <foreach collection="oredCriteria" item="criteria" separator="or">
        <if test="criteria.valid">
          <trim prefix="(" prefixOverrides="and" suffix=")">
            <foreach collection="criteria.criteria" item="criterion">
              <choose>
                <when test="criterion.noValue">
                  and ${criterion.condition}
                </when>
                <when test="criterion.singleValue">
                  and ${criterion.condition} #{criterion.value}
                </when>
                <when test="criterion.betweenValue">
                  and ${criterion.condition} #{criterion.value} and #{criterion.secondValue}
                </when>
                <when test="criterion.listValue">
                  and ${criterion.condition}
                  <foreach close=")" collection="criterion.value" item="listItem" open="(" separator=",">
                    #{listItem}
                  </foreach>
                </when>
              </choose>
            </foreach>
          </trim>
        </if>
      </foreach>
    </where>
  </sql>
  <sql id="Update_By_Example_Where_Clause">
    <!--
      WARNING - @mbg.generated
      This element is automatically generated by MyBatis Generator, do not modify.
      This element was generated on Thu May 27 14:32:56 BST 2021.
    -->
    <where>
      <foreach collection="example.oredCriteria" item="criteria" separator="or">
        <if test="criteria.valid">
          <trim prefix="(" prefixOverrides="and" suffix=")">
            <foreach collection="criteria.criteria" item="criterion">
              <choose>
                <when test="criterion.noValue">
                  and ${criterion.condition}
                </when>
                <when test="criterion.singleValue">
                  and ${criterion.condition} #{criterion.value}
                </when>
                <when test="criterion.betweenValue">
                  and ${criterion.condition} #{criterion.value} and #{criterion.secondValue}
                </when>
                <when test="criterion.listValue">
                  and ${criterion.condition}
                  <foreach close=")" collection="criterion.value" item="listItem" open="(" separator=",">
                    #{listItem}
                  </foreach>
                </when>
              </choose>
            </foreach>
          </trim>
        </if>
      </foreach>
    </where>
  </sql>
  <sql id="Base_Column_List">
    <!--
      WARNING - @mbg.generated
      This element is automatically generated by MyBatis Generator, do not modify.
      This element was generated on Thu May 27 14:32:56 BST 2021.
    -->
    APPT_APPLICATION_CODE, APPT_APPLICATION_DESCRIPTION, APPT_APPLIC_TYPE_DISPLAY_NAME, 
    APPT_SCHEME_ID, APPT_APPLIC_TYPE_LEVEL, APPT_APPLIC_TYPE_SUBLEVEL, APPT_APPLICATION_CODE_MAIN, 
    APPT_IS_FOR_PAYMENT_PROCESSING, APPT_IS_FOR_PENALTY_PROCESSING, APPT_PAYMENT_AMOUNT_MINIMUM, 
    APPT_PAYMENT_AMOUNT_MAXIMUM, APPT_PROPOSAL_SCHEME_YEAR, APPT_IS_MULTI_YEAR_PROPOSAL, 
    APPT_TOTAL_PROPOSAL_YEARS, APPT_APPLICATION_OPENING_DATE, APPT_APPLICATION_CLOSING_DATE, 
    APPT_VER_NUM, APPT_AUDIT_USER, APPT_AUDIT_DATE, APPT_AUDIT_ACTION, APPT_AUDIT_LOCATION, 
    APPT_AUDIT_PROCESS, APPT_AUDIT_USERID
  </sql>
  <select id="selectByExample" parameterType="ie.gov.agriculture.agschemes.dao.TSAS_APPLICATIONS_TYPEExample" resultMap="BaseResultMap">
    <!--
      WARNING - @mbg.generated
      This element is automatically generated by MyBatis Generator, do not modify.
      This element was generated on Thu May 27 14:32:56 BST 2021.
    -->
    select
    <if test="distinct">
      distinct
    </if>
    <include refid="Base_Column_List" />
    from TSAS_APPLICATIONS_TYPE
    <if test="_parameter != null">
      <include refid="Example_Where_Clause" />
    </if>
    <if test="orderByClause != null">
      order by ${orderByClause}
    </if>
  </select>
  <select id="selectByPrimaryKey" parameterType="java.math.BigDecimal" resultMap="BaseResultMap">
    <!--
      WARNING - @mbg.generated
      This element is automatically generated by MyBatis Generator, do not modify.
      This element was generated on Thu May 27 14:32:56 BST 2021.
    -->
    select 
    <include refid="Base_Column_List" />
    from TSAS_APPLICATIONS_TYPE
    where APPT_APPLICATION_CODE = #{APPT_APPLICATION_CODE,jdbcType=DECIMAL}
  </select>
  <delete id="deleteByPrimaryKey" parameterType="java.math.BigDecimal">
    <!--
      WARNING - @mbg.generated
      This element is automatically generated by MyBatis Generator, do not modify.
      This element was generated on Thu May 27 14:32:56 BST 2021.
    -->
    delete from TSAS_APPLICATIONS_TYPE
    where APPT_APPLICATION_CODE = #{APPT_APPLICATION_CODE,jdbcType=DECIMAL}
  </delete>
  <delete id="deleteByExample" parameterType="ie.gov.agriculture.agschemes.dao.TSAS_APPLICATIONS_TYPEExample">
    <!--
      WARNING - @mbg.generated
      This element is automatically generated by MyBatis Generator, do not modify.
      This element was generated on Thu May 27 14:32:56 BST 2021.
    -->
    delete from TSAS_APPLICATIONS_TYPE
    <if test="_parameter != null">
      <include refid="Example_Where_Clause" />
    </if>
  </delete>
  <insert id="insert" parameterType="ie.gov.agriculture.agschemes.dao.TSAS_APPLICATIONS_TYPE">
    <!--
      WARNING - @mbg.generated
      This element is automatically generated by MyBatis Generator, do not modify.
      This element was generated on Thu May 27 14:32:56 BST 2021.
    -->
    insert into TSAS_APPLICATIONS_TYPE (APPT_APPLICATION_CODE, APPT_APPLICATION_DESCRIPTION, 
      APPT_APPLIC_TYPE_DISPLAY_NAME, APPT_SCHEME_ID, 
      APPT_APPLIC_TYPE_LEVEL, APPT_APPLIC_TYPE_SUBLEVEL, 
      APPT_APPLICATION_CODE_MAIN, APPT_IS_FOR_PAYMENT_PROCESSING, 
      APPT_IS_FOR_PENALTY_PROCESSING, APPT_PAYMENT_AMOUNT_MINIMUM, 
      APPT_PAYMENT_AMOUNT_MAXIMUM, APPT_PROPOSAL_SCHEME_YEAR, 
      APPT_IS_MULTI_YEAR_PROPOSAL, APPT_TOTAL_PROPOSAL_YEARS, 
      APPT_APPLICATION_OPENING_DATE, APPT_APPLICATION_CLOSING_DATE, 
      APPT_VER_NUM, APPT_AUDIT_USER, APPT_AUDIT_DATE, 
      APPT_AUDIT_ACTION, APPT_AUDIT_LOCATION, 
      APPT_AUDIT_PROCESS, APPT_AUDIT_USERID)
    values (#{APPT_APPLICATION_CODE,jdbcType=DECIMAL}, #{APPT_APPLICATION_DESCRIPTION,jdbcType=VARCHAR}, 
      #{APPT_APPLIC_TYPE_DISPLAY_NAME,jdbcType=VARCHAR}, #{APPT_SCHEME_ID,jdbcType=DECIMAL}, 
      #{APPT_APPLIC_TYPE_LEVEL,jdbcType=DECIMAL}, #{APPT_APPLIC_TYPE_SUBLEVEL,jdbcType=DECIMAL}, 
      #{APPT_APPLICATION_CODE_MAIN,jdbcType=DECIMAL}, #{APPT_IS_FOR_PAYMENT_PROCESSING,jdbcType=DECIMAL}, 
      #{APPT_IS_FOR_PENALTY_PROCESSING,jdbcType=DECIMAL}, #{APPT_PAYMENT_AMOUNT_MINIMUM,jdbcType=DECIMAL}, 
      #{APPT_PAYMENT_AMOUNT_MAXIMUM,jdbcType=DECIMAL}, #{APPT_PROPOSAL_SCHEME_YEAR,jdbcType=DECIMAL}, 
      #{APPT_IS_MULTI_YEAR_PROPOSAL,jdbcType=DECIMAL}, #{APPT_TOTAL_PROPOSAL_YEARS,jdbcType=DECIMAL}, 
      #{APPT_APPLICATION_OPENING_DATE,jdbcType=TIMESTAMP}, #{APPT_APPLICATION_CLOSING_DATE,jdbcType=TIMESTAMP}, 
      #{APPT_VER_NUM,jdbcType=DECIMAL}, #{APPT_AUDIT_USER,jdbcType=VARCHAR}, #{APPT_AUDIT_DATE,jdbcType=TIMESTAMP}, 
      #{APPT_AUDIT_ACTION,jdbcType=VARCHAR}, #{APPT_AUDIT_LOCATION,jdbcType=VARCHAR}, 
      #{APPT_AUDIT_PROCESS,jdbcType=VARCHAR}, #{APPT_AUDIT_USERID,jdbcType=DECIMAL})
  </insert>
  <insert id="insertSelective" parameterType="ie.gov.agriculture.agschemes.dao.TSAS_APPLICATIONS_TYPE">
    <!--
      WARNING - @mbg.generated
      This element is automatically generated by MyBatis Generator, do not modify.
      This element was generated on Thu May 27 14:32:56 BST 2021.
    -->
    insert into TSAS_APPLICATIONS_TYPE
    <trim prefix="(" suffix=")" suffixOverrides=",">
      <if test="APPT_APPLICATION_CODE != null">
        APPT_APPLICATION_CODE,
      </if>
      <if test="APPT_APPLICATION_DESCRIPTION != null">
        APPT_APPLICATION_DESCRIPTION,
      </if>
      <if test="APPT_APPLIC_TYPE_DISPLAY_NAME != null">
        APPT_APPLIC_TYPE_DISPLAY_NAME,
      </if>
      <if test="APPT_SCHEME_ID != null">
        APPT_SCHEME_ID,
      </if>
      <if test="APPT_APPLIC_TYPE_LEVEL != null">
        APPT_APPLIC_TYPE_LEVEL,
      </if>
      <if test="APPT_APPLIC_TYPE_SUBLEVEL != null">
        APPT_APPLIC_TYPE_SUBLEVEL,
      </if>
      <if test="APPT_APPLICATION_CODE_MAIN != null">
        APPT_APPLICATION_CODE_MAIN,
      </if>
      <if test="APPT_IS_FOR_PAYMENT_PROCESSING != null">
        APPT_IS_FOR_PAYMENT_PROCESSING,
      </if>
      <if test="APPT_IS_FOR_PENALTY_PROCESSING != null">
        APPT_IS_FOR_PENALTY_PROCESSING,
      </if>
      <if test="APPT_PAYMENT_AMOUNT_MINIMUM != null">
        APPT_PAYMENT_AMOUNT_MINIMUM,
      </if>
      <if test="APPT_PAYMENT_AMOUNT_MAXIMUM != null">
        APPT_PAYMENT_AMOUNT_MAXIMUM,
      </if>
      <if test="APPT_PROPOSAL_SCHEME_YEAR != null">
        APPT_PROPOSAL_SCHEME_YEAR,
      </if>
      <if test="APPT_IS_MULTI_YEAR_PROPOSAL != null">
        APPT_IS_MULTI_YEAR_PROPOSAL,
      </if>
      <if test="APPT_TOTAL_PROPOSAL_YEARS != null">
        APPT_TOTAL_PROPOSAL_YEARS,
      </if>
      <if test="APPT_APPLICATION_OPENING_DATE != null">
        APPT_APPLICATION_OPENING_DATE,
      </if>
      <if test="APPT_APPLICATION_CLOSING_DATE != null">
        APPT_APPLICATION_CLOSING_DATE,
      </if>
      <if test="APPT_VER_NUM != null">
        APPT_VER_NUM,
      </if>
      <if test="APPT_AUDIT_USER != null">
        APPT_AUDIT_USER,
      </if>
      <if test="APPT_AUDIT_DATE != null">
        APPT_AUDIT_DATE,
      </if>
      <if test="APPT_AUDIT_ACTION != null">
        APPT_AUDIT_ACTION,
      </if>
      <if test="APPT_AUDIT_LOCATION != null">
        APPT_AUDIT_LOCATION,
      </if>
      <if test="APPT_AUDIT_PROCESS != null">
        APPT_AUDIT_PROCESS,
      </if>
      <if test="APPT_AUDIT_USERID != null">
        APPT_AUDIT_USERID,
      </if>
    </trim>
    <trim prefix="values (" suffix=")" suffixOverrides=",">
      <if test="APPT_APPLICATION_CODE != null">
        #{APPT_APPLICATION_CODE,jdbcType=DECIMAL},
      </if>
      <if test="APPT_APPLICATION_DESCRIPTION != null">
        #{APPT_APPLICATION_DESCRIPTION,jdbcType=VARCHAR},
      </if>
      <if test="APPT_APPLIC_TYPE_DISPLAY_NAME != null">
        #{APPT_APPLIC_TYPE_DISPLAY_NAME,jdbcType=VARCHAR},
      </if>
      <if test="APPT_SCHEME_ID != null">
        #{APPT_SCHEME_ID,jdbcType=DECIMAL},
      </if>
      <if test="APPT_APPLIC_TYPE_LEVEL != null">
        #{APPT_APPLIC_TYPE_LEVEL,jdbcType=DECIMAL},
      </if>
      <if test="APPT_APPLIC_TYPE_SUBLEVEL != null">
        #{APPT_APPLIC_TYPE_SUBLEVEL,jdbcType=DECIMAL},
      </if>
      <if test="APPT_APPLICATION_CODE_MAIN != null">
        #{APPT_APPLICATION_CODE_MAIN,jdbcType=DECIMAL},
      </if>
      <if test="APPT_IS_FOR_PAYMENT_PROCESSING != null">
        #{APPT_IS_FOR_PAYMENT_PROCESSING,jdbcType=DECIMAL},
      </if>
      <if test="APPT_IS_FOR_PENALTY_PROCESSING != null">
        #{APPT_IS_FOR_PENALTY_PROCESSING,jdbcType=DECIMAL},
      </if>
      <if test="APPT_PAYMENT_AMOUNT_MINIMUM != null">
        #{APPT_PAYMENT_AMOUNT_MINIMUM,jdbcType=DECIMAL},
      </if>
      <if test="APPT_PAYMENT_AMOUNT_MAXIMUM != null">
        #{APPT_PAYMENT_AMOUNT_MAXIMUM,jdbcType=DECIMAL},
      </if>
      <if test="APPT_PROPOSAL_SCHEME_YEAR != null">
        #{APPT_PROPOSAL_SCHEME_YEAR,jdbcType=DECIMAL},
      </if>
      <if test="APPT_IS_MULTI_YEAR_PROPOSAL != null">
        #{APPT_IS_MULTI_YEAR_PROPOSAL,jdbcType=DECIMAL},
      </if>
      <if test="APPT_TOTAL_PROPOSAL_YEARS != null">
        #{APPT_TOTAL_PROPOSAL_YEARS,jdbcType=DECIMAL},
      </if>
      <if test="APPT_APPLICATION_OPENING_DATE != null">
        #{APPT_APPLICATION_OPENING_DATE,jdbcType=TIMESTAMP},
      </if>
      <if test="APPT_APPLICATION_CLOSING_DATE != null">
        #{APPT_APPLICATION_CLOSING_DATE,jdbcType=TIMESTAMP},
      </if>
      <if test="APPT_VER_NUM != null">
        #{APPT_VER_NUM,jdbcType=DECIMAL},
      </if>
      <if test="APPT_AUDIT_USER != null">
        #{APPT_AUDIT_USER,jdbcType=VARCHAR},
      </if>
      <if test="APPT_AUDIT_DATE != null">
        #{APPT_AUDIT_DATE,jdbcType=TIMESTAMP},
      </if>
      <if test="APPT_AUDIT_ACTION != null">
        #{APPT_AUDIT_ACTION,jdbcType=VARCHAR},
      </if>
      <if test="APPT_AUDIT_LOCATION != null">
        #{APPT_AUDIT_LOCATION,jdbcType=VARCHAR},
      </if>
      <if test="APPT_AUDIT_PROCESS != null">
        #{APPT_AUDIT_PROCESS,jdbcType=VARCHAR},
      </if>
      <if test="APPT_AUDIT_USERID != null">
        #{APPT_AUDIT_USERID,jdbcType=DECIMAL},
      </if>
    </trim>
  </insert>
  <select id="countByExample" parameterType="ie.gov.agriculture.agschemes.dao.TSAS_APPLICATIONS_TYPEExample" resultType="java.lang.Long">
    <!--
      WARNING - @mbg.generated
      This element is automatically generated by MyBatis Generator, do not modify.
      This element was generated on Thu May 27 14:32:56 BST 2021.
    -->
    select count(*) from TSAS_APPLICATIONS_TYPE
    <if test="_parameter != null">
      <include refid="Example_Where_Clause" />
    </if>
  </select>
  <update id="updateByExampleSelective" parameterType="map">
    <!--
      WARNING - @mbg.generated
      This element is automatically generated by MyBatis Generator, do not modify.
      This element was generated on Thu May 27 14:32:56 BST 2021.
    -->
    update TSAS_APPLICATIONS_TYPE
    <set>
      <if test="record.APPT_APPLICATION_CODE != null">
        APPT_APPLICATION_CODE = #{record.APPT_APPLICATION_CODE,jdbcType=DECIMAL},
      </if>
      <if test="record.APPT_APPLICATION_DESCRIPTION != null">
        APPT_APPLICATION_DESCRIPTION = #{record.APPT_APPLICATION_DESCRIPTION,jdbcType=VARCHAR},
      </if>
      <if test="record.APPT_APPLIC_TYPE_DISPLAY_NAME != null">
        APPT_APPLIC_TYPE_DISPLAY_NAME = #{record.APPT_APPLIC_TYPE_DISPLAY_NAME,jdbcType=VARCHAR},
      </if>
      <if test="record.APPT_SCHEME_ID != null">
        APPT_SCHEME_ID = #{record.APPT_SCHEME_ID,jdbcType=DECIMAL},
      </if>
      <if test="record.APPT_APPLIC_TYPE_LEVEL != null">
        APPT_APPLIC_TYPE_LEVEL = #{record.APPT_APPLIC_TYPE_LEVEL,jdbcType=DECIMAL},
      </if>
      <if test="record.APPT_APPLIC_TYPE_SUBLEVEL != null">
        APPT_APPLIC_TYPE_SUBLEVEL = #{record.APPT_APPLIC_TYPE_SUBLEVEL,jdbcType=DECIMAL},
      </if>
      <if test="record.APPT_APPLICATION_CODE_MAIN != null">
        APPT_APPLICATION_CODE_MAIN = #{record.APPT_APPLICATION_CODE_MAIN,jdbcType=DECIMAL},
      </if>
      <if test="record.APPT_IS_FOR_PAYMENT_PROCESSING != null">
        APPT_IS_FOR_PAYMENT_PROCESSING = #{record.APPT_IS_FOR_PAYMENT_PROCESSING,jdbcType=DECIMAL},
      </if>
      <if test="record.APPT_IS_FOR_PENALTY_PROCESSING != null">
        APPT_IS_FOR_PENALTY_PROCESSING = #{record.APPT_IS_FOR_PENALTY_PROCESSING,jdbcType=DECIMAL},
      </if>
      <if test="record.APPT_PAYMENT_AMOUNT_MINIMUM != null">
        APPT_PAYMENT_AMOUNT_MINIMUM = #{record.APPT_PAYMENT_AMOUNT_MINIMUM,jdbcType=DECIMAL},
      </if>
      <if test="record.APPT_PAYMENT_AMOUNT_MAXIMUM != null">
        APPT_PAYMENT_AMOUNT_MAXIMUM = #{record.APPT_PAYMENT_AMOUNT_MAXIMUM,jdbcType=DECIMAL},
      </if>
      <if test="record.APPT_PROPOSAL_SCHEME_YEAR != null">
        APPT_PROPOSAL_SCHEME_YEAR = #{record.APPT_PROPOSAL_SCHEME_YEAR,jdbcType=DECIMAL},
      </if>
      <if test="record.APPT_IS_MULTI_YEAR_PROPOSAL != null">
        APPT_IS_MULTI_YEAR_PROPOSAL = #{record.APPT_IS_MULTI_YEAR_PROPOSAL,jdbcType=DECIMAL},
      </if>
      <if test="record.APPT_TOTAL_PROPOSAL_YEARS != null">
        APPT_TOTAL_PROPOSAL_YEARS = #{record.APPT_TOTAL_PROPOSAL_YEARS,jdbcType=DECIMAL},
      </if>
      <if test="record.APPT_APPLICATION_OPENING_DATE != null">
        APPT_APPLICATION_OPENING_DATE = #{record.APPT_APPLICATION_OPENING_DATE,jdbcType=TIMESTAMP},
      </if>
      <if test="record.APPT_APPLICATION_CLOSING_DATE != null">
        APPT_APPLICATION_CLOSING_DATE = #{record.APPT_APPLICATION_CLOSING_DATE,jdbcType=TIMESTAMP},
      </if>
      <if test="record.APPT_VER_NUM != null">
        APPT_VER_NUM = #{record.APPT_VER_NUM,jdbcType=DECIMAL},
      </if>
      <if test="record.APPT_AUDIT_USER != null">
        APPT_AUDIT_USER = #{record.APPT_AUDIT_USER,jdbcType=VARCHAR},
      </if>
      <if test="record.APPT_AUDIT_DATE != null">
        APPT_AUDIT_DATE = #{record.APPT_AUDIT_DATE,jdbcType=TIMESTAMP},
      </if>
      <if test="record.APPT_AUDIT_ACTION != null">
        APPT_AUDIT_ACTION = #{record.APPT_AUDIT_ACTION,jdbcType=VARCHAR},
      </if>
      <if test="record.APPT_AUDIT_LOCATION != null">
        APPT_AUDIT_LOCATION = #{record.APPT_AUDIT_LOCATION,jdbcType=VARCHAR},
      </if>
      <if test="record.APPT_AUDIT_PROCESS != null">
        APPT_AUDIT_PROCESS = #{record.APPT_AUDIT_PROCESS,jdbcType=VARCHAR},
      </if>
      <if test="record.APPT_AUDIT_USERID != null">
        APPT_AUDIT_USERID = #{record.APPT_AUDIT_USERID,jdbcType=DECIMAL},
      </if>
    </set>
    <if test="_parameter != null">
      <include refid="Update_By_Example_Where_Clause" />
    </if>
  </update>
  <update id="updateByExample" parameterType="map">
    <!--
      WARNING - @mbg.generated
      This element is automatically generated by MyBatis Generator, do not modify.
      This element was generated on Thu May 27 14:32:56 BST 2021.
    -->
    update TSAS_APPLICATIONS_TYPE
    set APPT_APPLICATION_CODE = #{record.APPT_APPLICATION_CODE,jdbcType=DECIMAL},
      APPT_APPLICATION_DESCRIPTION = #{record.APPT_APPLICATION_DESCRIPTION,jdbcType=VARCHAR},
      APPT_APPLIC_TYPE_DISPLAY_NAME = #{record.APPT_APPLIC_TYPE_DISPLAY_NAME,jdbcType=VARCHAR},
      APPT_SCHEME_ID = #{record.APPT_SCHEME_ID,jdbcType=DECIMAL},
      APPT_APPLIC_TYPE_LEVEL = #{record.APPT_APPLIC_TYPE_LEVEL,jdbcType=DECIMAL},
      APPT_APPLIC_TYPE_SUBLEVEL = #{record.APPT_APPLIC_TYPE_SUBLEVEL,jdbcType=DECIMAL},
      APPT_APPLICATION_CODE_MAIN = #{record.APPT_APPLICATION_CODE_MAIN,jdbcType=DECIMAL},
      APPT_IS_FOR_PAYMENT_PROCESSING = #{record.APPT_IS_FOR_PAYMENT_PROCESSING,jdbcType=DECIMAL},
      APPT_IS_FOR_PENALTY_PROCESSING = #{record.APPT_IS_FOR_PENALTY_PROCESSING,jdbcType=DECIMAL},
      APPT_PAYMENT_AMOUNT_MINIMUM = #{record.APPT_PAYMENT_AMOUNT_MINIMUM,jdbcType=DECIMAL},
      APPT_PAYMENT_AMOUNT_MAXIMUM = #{record.APPT_PAYMENT_AMOUNT_MAXIMUM,jdbcType=DECIMAL},
      APPT_PROPOSAL_SCHEME_YEAR = #{record.APPT_PROPOSAL_SCHEME_YEAR,jdbcType=DECIMAL},
      APPT_IS_MULTI_YEAR_PROPOSAL = #{record.APPT_IS_MULTI_YEAR_PROPOSAL,jdbcType=DECIMAL},
      APPT_TOTAL_PROPOSAL_YEARS = #{record.APPT_TOTAL_PROPOSAL_YEARS,jdbcType=DECIMAL},
      APPT_APPLICATION_OPENING_DATE = #{record.APPT_APPLICATION_OPENING_DATE,jdbcType=TIMESTAMP},
      APPT_APPLICATION_CLOSING_DATE = #{record.APPT_APPLICATION_CLOSING_DATE,jdbcType=TIMESTAMP},
      APPT_VER_NUM = #{record.APPT_VER_NUM,jdbcType=DECIMAL},
      APPT_AUDIT_USER = #{record.APPT_AUDIT_USER,jdbcType=VARCHAR},
      APPT_AUDIT_DATE = #{record.APPT_AUDIT_DATE,jdbcType=TIMESTAMP},
      APPT_AUDIT_ACTION = #{record.APPT_AUDIT_ACTION,jdbcType=VARCHAR},
      APPT_AUDIT_LOCATION = #{record.APPT_AUDIT_LOCATION,jdbcType=VARCHAR},
      APPT_AUDIT_PROCESS = #{record.APPT_AUDIT_PROCESS,jdbcType=VARCHAR},
      APPT_AUDIT_USERID = #{record.APPT_AUDIT_USERID,jdbcType=DECIMAL}
    <if test="_parameter != null">
      <include refid="Update_By_Example_Where_Clause" />
    </if>
  </update>
  <update id="updateByPrimaryKeySelective" parameterType="ie.gov.agriculture.agschemes.dao.TSAS_APPLICATIONS_TYPE">
    <!--
      WARNING - @mbg.generated
      This element is automatically generated by MyBatis Generator, do not modify.
      This element was generated on Thu May 27 14:32:56 BST 2021.
    -->
    update TSAS_APPLICATIONS_TYPE
    <set>
      <if test="APPT_APPLICATION_DESCRIPTION != null">
        APPT_APPLICATION_DESCRIPTION = #{APPT_APPLICATION_DESCRIPTION,jdbcType=VARCHAR},
      </if>
      <if test="APPT_APPLIC_TYPE_DISPLAY_NAME != null">
        APPT_APPLIC_TYPE_DISPLAY_NAME = #{APPT_APPLIC_TYPE_DISPLAY_NAME,jdbcType=VARCHAR},
      </if>
      <if test="APPT_SCHEME_ID != null">
        APPT_SCHEME_ID = #{APPT_SCHEME_ID,jdbcType=DECIMAL},
      </if>
      <if test="APPT_APPLIC_TYPE_LEVEL != null">
        APPT_APPLIC_TYPE_LEVEL = #{APPT_APPLIC_TYPE_LEVEL,jdbcType=DECIMAL},
      </if>
      <if test="APPT_APPLIC_TYPE_SUBLEVEL != null">
        APPT_APPLIC_TYPE_SUBLEVEL = #{APPT_APPLIC_TYPE_SUBLEVEL,jdbcType=DECIMAL},
      </if>
      <if test="APPT_APPLICATION_CODE_MAIN != null">
        APPT_APPLICATION_CODE_MAIN = #{APPT_APPLICATION_CODE_MAIN,jdbcType=DECIMAL},
      </if>
      <if test="APPT_IS_FOR_PAYMENT_PROCESSING != null">
        APPT_IS_FOR_PAYMENT_PROCESSING = #{APPT_IS_FOR_PAYMENT_PROCESSING,jdbcType=DECIMAL},
      </if>
      <if test="APPT_IS_FOR_PENALTY_PROCESSING != null">
        APPT_IS_FOR_PENALTY_PROCESSING = #{APPT_IS_FOR_PENALTY_PROCESSING,jdbcType=DECIMAL},
      </if>
      <if test="APPT_PAYMENT_AMOUNT_MINIMUM != null">
        APPT_PAYMENT_AMOUNT_MINIMUM = #{APPT_PAYMENT_AMOUNT_MINIMUM,jdbcType=DECIMAL},
      </if>
      <if test="APPT_PAYMENT_AMOUNT_MAXIMUM != null">
        APPT_PAYMENT_AMOUNT_MAXIMUM = #{APPT_PAYMENT_AMOUNT_MAXIMUM,jdbcType=DECIMAL},
      </if>
      <if test="APPT_PROPOSAL_SCHEME_YEAR != null">
        APPT_PROPOSAL_SCHEME_YEAR = #{APPT_PROPOSAL_SCHEME_YEAR,jdbcType=DECIMAL},
      </if>
      <if test="APPT_IS_MULTI_YEAR_PROPOSAL != null">
        APPT_IS_MULTI_YEAR_PROPOSAL = #{APPT_IS_MULTI_YEAR_PROPOSAL,jdbcType=DECIMAL},
      </if>
      <if test="APPT_TOTAL_PROPOSAL_YEARS != null">
        APPT_TOTAL_PROPOSAL_YEARS = #{APPT_TOTAL_PROPOSAL_YEARS,jdbcType=DECIMAL},
      </if>
      <if test="APPT_APPLICATION_OPENING_DATE != null">
        APPT_APPLICATION_OPENING_DATE = #{APPT_APPLICATION_OPENING_DATE,jdbcType=TIMESTAMP},
      </if>
      <if test="APPT_APPLICATION_CLOSING_DATE != null">
        APPT_APPLICATION_CLOSING_DATE = #{APPT_APPLICATION_CLOSING_DATE,jdbcType=TIMESTAMP},
      </if>
      <if test="APPT_VER_NUM != null">
        APPT_VER_NUM = #{APPT_VER_NUM,jdbcType=DECIMAL},
      </if>
      <if test="APPT_AUDIT_USER != null">
        APPT_AUDIT_USER = #{APPT_AUDIT_USER,jdbcType=VARCHAR},
      </if>
      <if test="APPT_AUDIT_DATE != null">
        APPT_AUDIT_DATE = #{APPT_AUDIT_DATE,jdbcType=TIMESTAMP},
      </if>
      <if test="APPT_AUDIT_ACTION != null">
        APPT_AUDIT_ACTION = #{APPT_AUDIT_ACTION,jdbcType=VARCHAR},
      </if>
      <if test="APPT_AUDIT_LOCATION != null">
        APPT_AUDIT_LOCATION = #{APPT_AUDIT_LOCATION,jdbcType=VARCHAR},
      </if>
      <if test="APPT_AUDIT_PROCESS != null">
        APPT_AUDIT_PROCESS = #{APPT_AUDIT_PROCESS,jdbcType=VARCHAR},
      </if>
      <if test="APPT_AUDIT_USERID != null">
        APPT_AUDIT_USERID = #{APPT_AUDIT_USERID,jdbcType=DECIMAL},
      </if>
    </set>
    where APPT_APPLICATION_CODE = #{APPT_APPLICATION_CODE,jdbcType=DECIMAL}
  </update>

  <update id="updateByClosingDate"  parameterType="java.util.HashMap">
    update TSAS_APPLICATIONS_TYPE
    SET APPT_APPLICATION_CLOSING_DATE = TO_TIMESTAMP( #{APPT_APPLICATION_CLOSING_DATE} )
    where APPT_APPLICATION_CODE = #{APPT_APPLICATION_CODE}
  </update>

  <update id="updateByOpeningDate"  parameterType="java.util.HashMap">
    update TSAS_APPLICATIONS_TYPE
    SET APPT_APPLICATION_OPENING_DATE = TO_TIMESTAMP( #{APPT_APPLICATION_OPENING_DATE} )
    where APPT_APPLICATION_CODE = #{APPT_APPLICATION_CODE}
  </update>

  <update id="updateByPrimaryKey" parameterType="ie.gov.agriculture.agschemes.dao.TSAS_APPLICATIONS_TYPE">
    <!--
      WARNING - @mbg.generated
      This element is automatically generated by MyBatis Generator, do not modify.
      This element was generated on Thu May 27 14:32:56 BST 2021.
    -->
    update TSAS_APPLICATIONS_TYPE
    set APPT_APPLICATION_DESCRIPTION = #{APPT_APPLICATION_DESCRIPTION,jdbcType=VARCHAR},
      APPT_APPLIC_TYPE_DISPLAY_NAME = #{APPT_APPLIC_TYPE_DISPLAY_NAME,jdbcType=VARCHAR},
      APPT_SCHEME_ID = #{APPT_SCHEME_ID,jdbcType=DECIMAL},
      APPT_APPLIC_TYPE_LEVEL = #{APPT_APPLIC_TYPE_LEVEL,jdbcType=DECIMAL},
      APPT_APPLIC_TYPE_SUBLEVEL = #{APPT_APPLIC_TYPE_SUBLEVEL,jdbcType=DECIMAL},
      APPT_APPLICATION_CODE_MAIN = #{APPT_APPLICATION_CODE_MAIN,jdbcType=DECIMAL},
      APPT_IS_FOR_PAYMENT_PROCESSING = #{APPT_IS_FOR_PAYMENT_PROCESSING,jdbcType=DECIMAL},
      APPT_IS_FOR_PENALTY_PROCESSING = #{APPT_IS_FOR_PENALTY_PROCESSING,jdbcType=DECIMAL},
      APPT_PAYMENT_AMOUNT_MINIMUM = #{APPT_PAYMENT_AMOUNT_MINIMUM,jdbcType=DECIMAL},
      APPT_PAYMENT_AMOUNT_MAXIMUM = #{APPT_PAYMENT_AMOUNT_MAXIMUM,jdbcType=DECIMAL},
      APPT_PROPOSAL_SCHEME_YEAR = #{APPT_PROPOSAL_SCHEME_YEAR,jdbcType=DECIMAL},
      APPT_IS_MULTI_YEAR_PROPOSAL = #{APPT_IS_MULTI_YEAR_PROPOSAL,jdbcType=DECIMAL},
      APPT_TOTAL_PROPOSAL_YEARS = #{APPT_TOTAL_PROPOSAL_YEARS,jdbcType=DECIMAL},
      APPT_APPLICATION_OPENING_DATE = #{APPT_APPLICATION_OPENING_DATE,jdbcType=TIMESTAMP},
      APPT_APPLICATION_CLOSING_DATE = #{APPT_APPLICATION_CLOSING_DATE,jdbcType=TIMESTAMP},
      APPT_VER_NUM = #{APPT_VER_NUM,jdbcType=DECIMAL},
      APPT_AUDIT_USER = #{APPT_AUDIT_USER,jdbcType=VARCHAR},
      APPT_AUDIT_DATE = #{APPT_AUDIT_DATE,jdbcType=TIMESTAMP},
      APPT_AUDIT_ACTION = #{APPT_AUDIT_ACTION,jdbcType=VARCHAR},
      APPT_AUDIT_LOCATION = #{APPT_AUDIT_LOCATION,jdbcType=VARCHAR},
      APPT_AUDIT_PROCESS = #{APPT_AUDIT_PROCESS,jdbcType=VARCHAR},
      APPT_AUDIT_USERID = #{APPT_AUDIT_USERID,jdbcType=DECIMAL}
    where APPT_APPLICATION_CODE = #{APPT_APPLICATION_CODE,jdbcType=DECIMAL}
  </update>
</mapper>