<?xml version="1.0" encoding="UTF-8"?>
<!DOCTYPE mapper PUBLIC "-//mybatis.org//DTD Mapper 3.0//EN" "http://mybatis.org/dtd/mybatis-3-mapper.dtd">
<mapper namespace="ie.gov.agriculture.agschemes.dao.TSAS_STATUSMapper">
  <resultMap id="BaseResultMap" type="ie.gov.agriculture.agschemes.dao.TSAS_STATUS">
    <!--
      WARNING - @mbg.generated
      This element is automatically generated by MyBatis Generator, do not modify.
      This element was generated on Tue Mar 02 16:43:23 GMT 2021.
    -->
    <id column="ST_STATUS_CODE" jdbcType="DECIMAL" property="ST_STATUS_CODE" />
    <result column="ST_APPLICATION_CODE" jdbcType="DECIMAL" property="ST_APPLICATION_CODE" />
    <result column="ST_STATUS_DESCRIPTION" jdbcType="VARCHAR" property="ST_STATUS_DESCRIPTION" />
    <result column="ST_SCREEN_DISPLAY" jdbcType="VARCHAR" property="ST_SCREEN_DISPLAY" />
    <result column="ST_VER_NUM" jdbcType="DECIMAL" property="ST_VER_NUM" />
    <result column="ST_AUDIT_USER" jdbcType="VARCHAR" property="ST_AUDIT_USER" />
    <result column="ST_AUDIT_DATE" jdbcType="TIMESTAMP" property="ST_AUDIT_DATE" />
    <result column="ST_AUDIT_ACTION" jdbcType="VARCHAR" property="ST_AUDIT_ACTION" />
    <result column="ST_AUDIT_LOCATION" jdbcType="VARCHAR" property="ST_AUDIT_LOCATION" />
    <result column="ST_AUDIT_PROCESS" jdbcType="VARCHAR" property="ST_AUDIT_PROCESS" />
    <result column="ST_AUDIT_USERID" jdbcType="DECIMAL" property="ST_AUDIT_USERID" />
  </resultMap>
  <sql id="Example_Where_Clause">
    <!--
      WARNING - @mbg.generated
      This element is automatically generated by MyBatis Generator, do not modify.
      This element was generated on Tue Mar 02 16:43:23 GMT 2021.
    -->
    <where>
      <foreach collection="oredCriteria" item="criteria" separator="or">
        <if test="criteria.valid">
          <trim prefix="(" prefixOverrides="and" suffix=")">
            <foreach collection="criteria.criteria" item="criterion">
              <choose>
                <when test="criterion.noValue">
                  and ${criterion.condition}
                </when>
                <when test="criterion.singleValue">
                  and ${criterion.condition} #{criterion.value}
                </when>
                <when test="criterion.betweenValue">
                  and ${criterion.condition} #{criterion.value} and #{criterion.secondValue}
                </when>
                <when test="criterion.listValue">
                  and ${criterion.condition}
                  <foreach close=")" collection="criterion.value" item="listItem" open="(" separator=",">
                    #{listItem}
                  </foreach>
                </when>
              </choose>
            </foreach>
          </trim>
        </if>
      </foreach>
    </where>
  </sql>
  <sql id="Update_By_Example_Where_Clause">
    <!--
      WARNING - @mbg.generated
      This element is automatically generated by MyBatis Generator, do not modify.
      This element was generated on Tue Mar 02 16:43:23 GMT 2021.
    -->
    <where>
      <foreach collection="example.oredCriteria" item="criteria" separator="or">
        <if test="criteria.valid">
          <trim prefix="(" prefixOverrides="and" suffix=")">
            <foreach collection="criteria.criteria" item="criterion">
              <choose>
                <when test="criterion.noValue">
                  and ${criterion.condition}
                </when>
                <when test="criterion.singleValue">
                  and ${criterion.condition} #{criterion.value}
                </when>
                <when test="criterion.betweenValue">
                  and ${criterion.condition} #{criterion.value} and #{criterion.secondValue}
                </when>
                <when test="criterion.listValue">
                  and ${criterion.condition}
                  <foreach close=")" collection="criterion.value" item="listItem" open="(" separator=",">
                    #{listItem}
                  </foreach>
                </when>
              </choose>
            </foreach>
          </trim>
        </if>
      </foreach>
    </where>
  </sql>
  <sql id="Base_Column_List">
    <!--
      WARNING - @mbg.generated
      This element is automatically generated by MyBatis Generator, do not modify.
      This element was generated on Tue Mar 02 16:43:23 GMT 2021.
    -->
    ST_STATUS_CODE, ST_APPLICATION_CODE, ST_STATUS_DESCRIPTION, ST_SCREEN_DISPLAY, ST_VER_NUM, 
    ST_AUDIT_USER, ST_AUDIT_DATE, ST_AUDIT_ACTION, ST_AUDIT_LOCATION, ST_AUDIT_PROCESS, 
    ST_AUDIT_USERID
  </sql>
  <select id="selectByExample" parameterType="ie.gov.agriculture.agschemes.dao.TSAS_STATUSExample" resultMap="BaseResultMap">
    <!--
      WARNING - @mbg.generated
      This element is automatically generated by MyBatis Generator, do not modify.
      This element was generated on Tue Mar 02 16:43:23 GMT 2021.
    -->
    select
    <if test="distinct">
      distinct
    </if>
    <include refid="Base_Column_List" />
    from TSAS_STATUS
    <if test="_parameter != null">
      <include refid="Example_Where_Clause" />
    </if>
    <if test="orderByClause != null">
      order by ${orderByClause}
    </if>
  </select>
  <select id="selectByPrimaryKey" parameterType="java.math.BigDecimal" resultMap="BaseResultMap">
    <!--
      WARNING - @mbg.generated
      This element is automatically generated by MyBatis Generator, do not modify.
      This element was generated on Tue Mar 02 16:43:23 GMT 2021.
    -->
    select 
    <include refid="Base_Column_List" />
    from TSAS_STATUS
    where ST_STATUS_CODE = #{ST_STATUS_CODE,jdbcType=DECIMAL}
  </select>

  <select id="select_by_st_status_code" parameterType="java.lang.String" resultMap="BaseResultMap">
    select
    <include refid="Base_Column_List" />
    from TSAS_STATUS
    where ST_STATUS_CODE = #{ST_STATUS_CODE}
  </select>

  <select id="select-diff-tables" resultMap="BaseResultMap">
    SELECT *
    FROM tdas_applications ta, tdas_applications_nitrates tan, tsas_status ts
    WHERE ta.app_application_id = tan.apn_application_id
    AND ta.app_current_status_code = ts.ST_STATUS_CODE
    AND ta.app_current_status_code = #{CODE}
  </select>

  <sql id="select-APN_GRASS_LAND_PERCENT" >
    SELECT APN_GRASS_LAND_PERCENT
    FROM tdas_applications, tdas_applications_nitrates, tsas_status
    <where>
      <if test="searchParams.app_application_id != null">
        app_application_id = app_application_id
      </if>
      <if test="searchParams.app_current_status_code != null">
        app_current_status_code = ST_STATUS_CODE
      </if>
      <if test="searchParams.app_current_business_id != null">
        app_current_business_id = #{app_current_business_id}
      </if>
      <if test="searchParams.APP_SCHEME_YEAR != null">
        APP_SCHEME_YEAR = #{APP_SCHEME_YEAR}
      </if>
      <if test="searchParams.ST_STATUS_DESCRIPTION != null">
        ST_STATUS_DESCRIPTION = #{ST_STATUS_DESCRIPTION}
      </if>
      order by APN_AUDIT_DATE desc
    </where>
  </sql>
  <select id="get-APN_GRASS_LAND_PERCENT" parameterType="java.lang.Integer" resultMap="BaseResultMap">
    <include refid="select-APN_GRASS_LAND_PERCENT"></include>
  </select>


  <delete id="deleteByPrimaryKey" parameterType="java.math.BigDecimal">
    <!--
      WARNING - @mbg.generated
      This element is automatically generated by MyBatis Generator, do not modify.
      This element was generated on Tue Mar 02 16:43:23 GMT 2021.
    -->
    delete from TSAS_STATUS
    where ST_STATUS_CODE = #{ST_STATUS_CODE,jdbcType=DECIMAL}
  </delete>
  <delete id="deleteByExample" parameterType="ie.gov.agriculture.agschemes.dao.TSAS_STATUSExample">
    <!--
      WARNING - @mbg.generated
      This element is automatically generated by MyBatis Generator, do not modify.
      This element was generated on Tue Mar 02 16:43:23 GMT 2021.
    -->
    delete from TSAS_STATUS
    <if test="_parameter != null">
      <include refid="Example_Where_Clause" />
    </if>
  </delete>
  <insert id="insert" parameterType="ie.gov.agriculture.agschemes.dao.TSAS_STATUS">
    <!--
      WARNING - @mbg.generated
      This element is automatically generated by MyBatis Generator, do not modify.
      This element was generated on Tue Mar 02 16:43:23 GMT 2021.
    -->
    insert into TSAS_STATUS (ST_STATUS_CODE, ST_APPLICATION_CODE, 
      ST_STATUS_DESCRIPTION, ST_SCREEN_DISPLAY, 
      ST_VER_NUM, ST_AUDIT_USER, ST_AUDIT_DATE, 
      ST_AUDIT_ACTION, ST_AUDIT_LOCATION, ST_AUDIT_PROCESS, 
      ST_AUDIT_USERID)
    values (#{ST_STATUS_CODE,jdbcType=DECIMAL}, #{ST_APPLICATION_CODE,jdbcType=DECIMAL}, 
      #{ST_STATUS_DESCRIPTION,jdbcType=VARCHAR}, #{ST_SCREEN_DISPLAY,jdbcType=VARCHAR}, 
      #{ST_VER_NUM,jdbcType=DECIMAL}, #{ST_AUDIT_USER,jdbcType=VARCHAR}, #{ST_AUDIT_DATE,jdbcType=TIMESTAMP}, 
      #{ST_AUDIT_ACTION,jdbcType=VARCHAR}, #{ST_AUDIT_LOCATION,jdbcType=VARCHAR}, #{ST_AUDIT_PROCESS,jdbcType=VARCHAR}, 
      #{ST_AUDIT_USERID,jdbcType=DECIMAL})
  </insert>
  <insert id="insertSelective" parameterType="ie.gov.agriculture.agschemes.dao.TSAS_STATUS">
    <!--
      WARNING - @mbg.generated
      This element is automatically generated by MyBatis Generator, do not modify.
      This element was generated on Tue Mar 02 16:43:23 GMT 2021.
    -->
    insert into TSAS_STATUS
    <trim prefix="(" suffix=")" suffixOverrides=",">
      <if test="ST_STATUS_CODE != null">
        ST_STATUS_CODE,
      </if>
      <if test="ST_APPLICATION_CODE != null">
        ST_APPLICATION_CODE,
      </if>
      <if test="ST_STATUS_DESCRIPTION != null">
        ST_STATUS_DESCRIPTION,
      </if>
      <if test="ST_SCREEN_DISPLAY != null">
        ST_SCREEN_DISPLAY,
      </if>
      <if test="ST_VER_NUM != null">
        ST_VER_NUM,
      </if>
      <if test="ST_AUDIT_USER != null">
        ST_AUDIT_USER,
      </if>
      <if test="ST_AUDIT_DATE != null">
        ST_AUDIT_DATE,
      </if>
      <if test="ST_AUDIT_ACTION != null">
        ST_AUDIT_ACTION,
      </if>
      <if test="ST_AUDIT_LOCATION != null">
        ST_AUDIT_LOCATION,
      </if>
      <if test="ST_AUDIT_PROCESS != null">
        ST_AUDIT_PROCESS,
      </if>
      <if test="ST_AUDIT_USERID != null">
        ST_AUDIT_USERID,
      </if>
    </trim>
    <trim prefix="values (" suffix=")" suffixOverrides=",">
      <if test="ST_STATUS_CODE != null">
        #{ST_STATUS_CODE,jdbcType=DECIMAL},
      </if>
      <if test="ST_APPLICATION_CODE != null">
        #{ST_APPLICATION_CODE,jdbcType=DECIMAL},
      </if>
      <if test="ST_STATUS_DESCRIPTION != null">
        #{ST_STATUS_DESCRIPTION,jdbcType=VARCHAR},
      </if>
      <if test="ST_SCREEN_DISPLAY != null">
        #{ST_SCREEN_DISPLAY,jdbcType=VARCHAR},
      </if>
      <if test="ST_VER_NUM != null">
        #{ST_VER_NUM,jdbcType=DECIMAL},
      </if>
      <if test="ST_AUDIT_USER != null">
        #{ST_AUDIT_USER,jdbcType=VARCHAR},
      </if>
      <if test="ST_AUDIT_DATE != null">
        #{ST_AUDIT_DATE,jdbcType=TIMESTAMP},
      </if>
      <if test="ST_AUDIT_ACTION != null">
        #{ST_AUDIT_ACTION,jdbcType=VARCHAR},
      </if>
      <if test="ST_AUDIT_LOCATION != null">
        #{ST_AUDIT_LOCATION,jdbcType=VARCHAR},
      </if>
      <if test="ST_AUDIT_PROCESS != null">
        #{ST_AUDIT_PROCESS,jdbcType=VARCHAR},
      </if>
      <if test="ST_AUDIT_USERID != null">
        #{ST_AUDIT_USERID,jdbcType=DECIMAL},
      </if>
    </trim>
  </insert>
  <select id="countByExample" parameterType="ie.gov.agriculture.agschemes.dao.TSAS_STATUSExample" resultType="java.lang.Long">
    <!--
      WARNING - @mbg.generated
      This element is automatically generated by MyBatis Generator, do not modify.
      This element was generated on Tue Mar 02 16:43:23 GMT 2021.
    -->
    select count(*) from TSAS_STATUS
    <if test="_parameter != null">
      <include refid="Example_Where_Clause" />
    </if>
  </select>
  <update id="updateByExampleSelective" parameterType="map">
    <!--
      WARNING - @mbg.generated
      This element is automatically generated by MyBatis Generator, do not modify.
      This element was generated on Tue Mar 02 16:43:23 GMT 2021.
    -->
    update TSAS_STATUS
    <set>
      <if test="record.ST_STATUS_CODE != null">
        ST_STATUS_CODE = #{record.ST_STATUS_CODE,jdbcType=DECIMAL},
      </if>
      <if test="record.ST_APPLICATION_CODE != null">
        ST_APPLICATION_CODE = #{record.ST_APPLICATION_CODE,jdbcType=DECIMAL},
      </if>
      <if test="record.ST_STATUS_DESCRIPTION != null">
        ST_STATUS_DESCRIPTION = #{record.ST_STATUS_DESCRIPTION,jdbcType=VARCHAR},
      </if>
      <if test="record.ST_SCREEN_DISPLAY != null">
        ST_SCREEN_DISPLAY = #{record.ST_SCREEN_DISPLAY,jdbcType=VARCHAR},
      </if>
      <if test="record.ST_VER_NUM != null">
        ST_VER_NUM = #{record.ST_VER_NUM,jdbcType=DECIMAL},
      </if>
      <if test="record.ST_AUDIT_USER != null">
        ST_AUDIT_USER = #{record.ST_AUDIT_USER,jdbcType=VARCHAR},
      </if>
      <if test="record.ST_AUDIT_DATE != null">
        ST_AUDIT_DATE = #{record.ST_AUDIT_DATE,jdbcType=TIMESTAMP},
      </if>
      <if test="record.ST_AUDIT_ACTION != null">
        ST_AUDIT_ACTION = #{record.ST_AUDIT_ACTION,jdbcType=VARCHAR},
      </if>
      <if test="record.ST_AUDIT_LOCATION != null">
        ST_AUDIT_LOCATION = #{record.ST_AUDIT_LOCATION,jdbcType=VARCHAR},
      </if>
      <if test="record.ST_AUDIT_PROCESS != null">
        ST_AUDIT_PROCESS = #{record.ST_AUDIT_PROCESS,jdbcType=VARCHAR},
      </if>
      <if test="record.ST_AUDIT_USERID != null">
        ST_AUDIT_USERID = #{record.ST_AUDIT_USERID,jdbcType=DECIMAL},
      </if>
    </set>
    <if test="_parameter != null">
      <include refid="Update_By_Example_Where_Clause" />
    </if>
  </update>
  <update id="updateByExample" parameterType="map">
    <!--
      WARNING - @mbg.generated
      This element is automatically generated by MyBatis Generator, do not modify.
      This element was generated on Tue Mar 02 16:43:23 GMT 2021.
    -->
    update TSAS_STATUS
    set ST_STATUS_CODE = #{record.ST_STATUS_CODE,jdbcType=DECIMAL},
      ST_APPLICATION_CODE = #{record.ST_APPLICATION_CODE,jdbcType=DECIMAL},
      ST_STATUS_DESCRIPTION = #{record.ST_STATUS_DESCRIPTION,jdbcType=VARCHAR},
      ST_SCREEN_DISPLAY = #{record.ST_SCREEN_DISPLAY,jdbcType=VARCHAR},
      ST_VER_NUM = #{record.ST_VER_NUM,jdbcType=DECIMAL},
      ST_AUDIT_USER = #{record.ST_AUDIT_USER,jdbcType=VARCHAR},
      ST_AUDIT_DATE = #{record.ST_AUDIT_DATE,jdbcType=TIMESTAMP},
      ST_AUDIT_ACTION = #{record.ST_AUDIT_ACTION,jdbcType=VARCHAR},
      ST_AUDIT_LOCATION = #{record.ST_AUDIT_LOCATION,jdbcType=VARCHAR},
      ST_AUDIT_PROCESS = #{record.ST_AUDIT_PROCESS,jdbcType=VARCHAR},
      ST_AUDIT_USERID = #{record.ST_AUDIT_USERID,jdbcType=DECIMAL}
    <if test="_parameter != null">
      <include refid="Update_By_Example_Where_Clause" />
    </if>
  </update>
  <update id="updateByPrimaryKeySelective" parameterType="ie.gov.agriculture.agschemes.dao.TSAS_STATUS">
    <!--
      WARNING - @mbg.generated
      This element is automatically generated by MyBatis Generator, do not modify.
      This element was generated on Tue Mar 02 16:43:23 GMT 2021.
    -->
    update TSAS_STATUS
    <set>
      <if test="ST_APPLICATION_CODE != null">
        ST_APPLICATION_CODE = #{ST_APPLICATION_CODE,jdbcType=DECIMAL},
      </if>
      <if test="ST_STATUS_DESCRIPTION != null">
        ST_STATUS_DESCRIPTION = #{ST_STATUS_DESCRIPTION,jdbcType=VARCHAR},
      </if>
      <if test="ST_SCREEN_DISPLAY != null">
        ST_SCREEN_DISPLAY = #{ST_SCREEN_DISPLAY,jdbcType=VARCHAR},
      </if>
      <if test="ST_VER_NUM != null">
        ST_VER_NUM = #{ST_VER_NUM,jdbcType=DECIMAL},
      </if>
      <if test="ST_AUDIT_USER != null">
        ST_AUDIT_USER = #{ST_AUDIT_USER,jdbcType=VARCHAR},
      </if>
      <if test="ST_AUDIT_DATE != null">
        ST_AUDIT_DATE = #{ST_AUDIT_DATE,jdbcType=TIMESTAMP},
      </if>
      <if test="ST_AUDIT_ACTION != null">
        ST_AUDIT_ACTION = #{ST_AUDIT_ACTION,jdbcType=VARCHAR},
      </if>
      <if test="ST_AUDIT_LOCATION != null">
        ST_AUDIT_LOCATION = #{ST_AUDIT_LOCATION,jdbcType=VARCHAR},
      </if>
      <if test="ST_AUDIT_PROCESS != null">
        ST_AUDIT_PROCESS = #{ST_AUDIT_PROCESS,jdbcType=VARCHAR},
      </if>
      <if test="ST_AUDIT_USERID != null">
        ST_AUDIT_USERID = #{ST_AUDIT_USERID,jdbcType=DECIMAL},
      </if>
    </set>
    where ST_STATUS_CODE = #{ST_STATUS_CODE,jdbcType=DECIMAL}
  </update>
  <update id="updateByPrimaryKey" parameterType="ie.gov.agriculture.agschemes.dao.TSAS_STATUS">
    <!--
      WARNING - @mbg.generated
      This element is automatically generated by MyBatis Generator, do not modify.
      This element was generated on Tue Mar 02 16:43:23 GMT 2021.
    -->
    update TSAS_STATUS
    set ST_APPLICATION_CODE = #{ST_APPLICATION_CODE,jdbcType=DECIMAL},
      ST_STATUS_DESCRIPTION = #{ST_STATUS_DESCRIPTION,jdbcType=VARCHAR},
      ST_SCREEN_DISPLAY = #{ST_SCREEN_DISPLAY,jdbcType=VARCHAR},
      ST_VER_NUM = #{ST_VER_NUM,jdbcType=DECIMAL},
      ST_AUDIT_USER = #{ST_AUDIT_USER,jdbcType=VARCHAR},
      ST_AUDIT_DATE = #{ST_AUDIT_DATE,jdbcType=TIMESTAMP},
      ST_AUDIT_ACTION = #{ST_AUDIT_ACTION,jdbcType=VARCHAR},
      ST_AUDIT_LOCATION = #{ST_AUDIT_LOCATION,jdbcType=VARCHAR},
      ST_AUDIT_PROCESS = #{ST_AUDIT_PROCESS,jdbcType=VARCHAR},
      ST_AUDIT_USERID = #{ST_AUDIT_USERID,jdbcType=DECIMAL}
    where ST_STATUS_CODE = #{ST_STATUS_CODE,jdbcType=DECIMAL}
  </update>
</mapper>