<?xml version="1.0" encoding="UTF-8"?>
<!DOCTYPE mapper PUBLIC "-//mybatis.org//DTD Mapper 3.0//EN" "http://mybatis.org/dtd/mybatis-3-mapper.dtd">
<mapper namespace="ie.gov.agriculture.agschemes.dao.VWCO_AGSCH_BUSINESS_CUSTOMERSMapper">
  <resultMap id="BaseResultMap" type="ie.gov.agriculture.agschemes.dao.VWCO_AGSCH_BUSINESS_CUSTOMERS">
    <!--
      WARNING - @mbg.generated
      This element is automatically generated by MyBatis Generator, do not modify.
      This element was generated on Fri Mar 19 16:23:34 GMT 2021.
    -->
    <result column="BUSINESS_ID" jdbcType="VARCHAR" property="BUSINESS_ID" />
    <result column="CUSTOMER_ID" jdbcType="DECIMAL" property="CUSTOMER_ID" />
    <result column="START_DATE" jdbcType="TIMESTAMP" property="START_DATE" />
    <result column="END_DATE" jdbcType="TIMESTAMP" property="END_DATE" />
    <result column="ADDRESS_LINE1" jdbcType="VARCHAR" property="ADDRESS_LINE1" />
    <result column="ADDRESS_LINE2" jdbcType="VARCHAR" property="ADDRESS_LINE2" />
    <result column="ADDRESS_LINE3" jdbcType="VARCHAR" property="ADDRESS_LINE3" />
    <result column="ADDRESS_LINE4" jdbcType="VARCHAR" property="ADDRESS_LINE4" />
    <result column="POSTAL_CODE" jdbcType="VARCHAR" property="POSTAL_CODE" />
    <result column="ROLE_ABBR" jdbcType="VARCHAR" property="ROLE_ABBR" />
    <result column="ROLE_DESC" jdbcType="VARCHAR" property="ROLE_DESC" />
  </resultMap>
  <sql id="Example_Where_Clause">
    <!--
      WARNING - @mbg.generated
      This element is automatically generated by MyBatis Generator, do not modify.
      This element was generated on Fri Mar 19 16:23:34 GMT 2021.
    -->
    <where>
      <foreach collection="oredCriteria" item="criteria" separator="or">
        <if test="criteria.valid">
          <trim prefix="(" prefixOverrides="and" suffix=")">
            <foreach collection="criteria.criteria" item="criterion">
              <choose>
                <when test="criterion.noValue">
                  and ${criterion.condition}
                </when>
                <when test="criterion.singleValue">
                  and ${criterion.condition} #{criterion.value}
                </when>
                <when test="criterion.betweenValue">
                  and ${criterion.condition} #{criterion.value} and #{criterion.secondValue}
                </when>
                <when test="criterion.listValue">
                  and ${criterion.condition}
                  <foreach close=")" collection="criterion.value" item="listItem" open="(" separator=",">
                    #{listItem}
                  </foreach>
                </when>
              </choose>
            </foreach>
          </trim>
        </if>
      </foreach>
    </where>
  </sql>
  <sql id="Update_By_Example_Where_Clause">
    <!--
      WARNING - @mbg.generated
      This element is automatically generated by MyBatis Generator, do not modify.
      This element was generated on Fri Mar 19 16:23:34 GMT 2021.
    -->
    <where>
      <foreach collection="example.oredCriteria" item="criteria" separator="or">
        <if test="criteria.valid">
          <trim prefix="(" prefixOverrides="and" suffix=")">
            <foreach collection="criteria.criteria" item="criterion">
              <choose>
                <when test="criterion.noValue">
                  and ${criterion.condition}
                </when>
                <when test="criterion.singleValue">
                  and ${criterion.condition} #{criterion.value}
                </when>
                <when test="criterion.betweenValue">
                  and ${criterion.condition} #{criterion.value} and #{criterion.secondValue}
                </when>
                <when test="criterion.listValue">
                  and ${criterion.condition}
                  <foreach close=")" collection="criterion.value" item="listItem" open="(" separator=",">
                    #{listItem}
                  </foreach>
                </when>
              </choose>
            </foreach>
          </trim>
        </if>
      </foreach>
    </where>
  </sql>
  <sql id="Base_Column_List">
    <!--
      WARNING - @mbg.generated
      This element is automatically generated by MyBatis Generator, do not modify.
      This element was generated on Fri Mar 19 16:23:34 GMT 2021.
    -->
    BUSINESS_ID, CUSTOMER_ID, START_DATE, END_DATE, ADDRESS_LINE1, ADDRESS_LINE2, ADDRESS_LINE3, 
    ADDRESS_LINE4, POSTAL_CODE, ROLE_ABBR, ROLE_DESC
  </sql>

  <select id="select_by_cust_id_busin_id" parameterType="java.util.HashMap" resultMap="BaseResultMap">
    select
    <include refid="Base_Column_List" />
    from VWCO_AGSCH_BUSINESS_CUSTOMERS
    where CUSTOMER_ID = #{CUSTOMER_ID}
    and BUSINESS_ID = #{BUSINESS_ID}
  </select>

  <select id="selectByExample" parameterType="ie.gov.agriculture.agschemes.dao.VWCO_AGSCH_BUSINESS_CUSTOMERSExample" resultMap="BaseResultMap">
    <!--
      WARNING - @mbg.generated
      This element is automatically generated by MyBatis Generator, do not modify.
      This element was generated on Fri Mar 19 16:23:34 GMT 2021.
    -->
    select
    <if test="distinct">
      distinct
    </if>
    <include refid="Base_Column_List" />
    from VWCO_AGSCH_BUSINESS_CUSTOMERS
    <if test="_parameter != null">
      <include refid="Example_Where_Clause" />
    </if>
    <if test="orderByClause != null">
      order by ${orderByClause}
    </if>
  </select>
  <delete id="deleteByExample" parameterType="ie.gov.agriculture.agschemes.dao.VWCO_AGSCH_BUSINESS_CUSTOMERSExample">
    <!--
      WARNING - @mbg.generated
      This element is automatically generated by MyBatis Generator, do not modify.
      This element was generated on Fri Mar 19 16:23:34 GMT 2021.
    -->
    delete from VWCO_AGSCH_BUSINESS_CUSTOMERS
    <if test="_parameter != null">
      <include refid="Example_Where_Clause" />
    </if>
  </delete>
  <insert id="insert" parameterType="ie.gov.agriculture.agschemes.dao.VWCO_AGSCH_BUSINESS_CUSTOMERS">
    <!--
      WARNING - @mbg.generated
      This element is automatically generated by MyBatis Generator, do not modify.
      This element was generated on Fri Mar 19 16:23:34 GMT 2021.
    -->
    insert into VWCO_AGSCH_BUSINESS_CUSTOMERS (BUSINESS_ID, CUSTOMER_ID, START_DATE, 
      END_DATE, ADDRESS_LINE1, ADDRESS_LINE2, 
      ADDRESS_LINE3, ADDRESS_LINE4, POSTAL_CODE, 
      ROLE_ABBR, ROLE_DESC)
    values (#{BUSINESS_ID,jdbcType=VARCHAR}, #{CUSTOMER_ID,jdbcType=DECIMAL}, #{START_DATE,jdbcType=TIMESTAMP}, 
      #{END_DATE,jdbcType=TIMESTAMP}, #{ADDRESS_LINE1,jdbcType=VARCHAR}, #{ADDRESS_LINE2,jdbcType=VARCHAR}, 
      #{ADDRESS_LINE3,jdbcType=VARCHAR}, #{ADDRESS_LINE4,jdbcType=VARCHAR}, #{POSTAL_CODE,jdbcType=VARCHAR}, 
      #{ROLE_ABBR,jdbcType=VARCHAR}, #{ROLE_DESC,jdbcType=VARCHAR})
  </insert>
  <insert id="insertSelective" parameterType="ie.gov.agriculture.agschemes.dao.VWCO_AGSCH_BUSINESS_CUSTOMERS">
    <!--
      WARNING - @mbg.generated
      This element is automatically generated by MyBatis Generator, do not modify.
      This element was generated on Fri Mar 19 16:23:34 GMT 2021.
    -->
    insert into VWCO_AGSCH_BUSINESS_CUSTOMERS
    <trim prefix="(" suffix=")" suffixOverrides=",">
      <if test="BUSINESS_ID != null">
        BUSINESS_ID,
      </if>
      <if test="CUSTOMER_ID != null">
        CUSTOMER_ID,
      </if>
      <if test="START_DATE != null">
        START_DATE,
      </if>
      <if test="END_DATE != null">
        END_DATE,
      </if>
      <if test="ADDRESS_LINE1 != null">
        ADDRESS_LINE1,
      </if>
      <if test="ADDRESS_LINE2 != null">
        ADDRESS_LINE2,
      </if>
      <if test="ADDRESS_LINE3 != null">
        ADDRESS_LINE3,
      </if>
      <if test="ADDRESS_LINE4 != null">
        ADDRESS_LINE4,
      </if>
      <if test="POSTAL_CODE != null">
        POSTAL_CODE,
      </if>
      <if test="ROLE_ABBR != null">
        ROLE_ABBR,
      </if>
      <if test="ROLE_DESC != null">
        ROLE_DESC,
      </if>
    </trim>
    <trim prefix="values (" suffix=")" suffixOverrides=",">
      <if test="BUSINESS_ID != null">
        #{BUSINESS_ID,jdbcType=VARCHAR},
      </if>
      <if test="CUSTOMER_ID != null">
        #{CUSTOMER_ID,jdbcType=DECIMAL},
      </if>
      <if test="START_DATE != null">
        #{START_DATE,jdbcType=TIMESTAMP},
      </if>
      <if test="END_DATE != null">
        #{END_DATE,jdbcType=TIMESTAMP},
      </if>
      <if test="ADDRESS_LINE1 != null">
        #{ADDRESS_LINE1,jdbcType=VARCHAR},
      </if>
      <if test="ADDRESS_LINE2 != null">
        #{ADDRESS_LINE2,jdbcType=VARCHAR},
      </if>
      <if test="ADDRESS_LINE3 != null">
        #{ADDRESS_LINE3,jdbcType=VARCHAR},
      </if>
      <if test="ADDRESS_LINE4 != null">
        #{ADDRESS_LINE4,jdbcType=VARCHAR},
      </if>
      <if test="POSTAL_CODE != null">
        #{POSTAL_CODE,jdbcType=VARCHAR},
      </if>
      <if test="ROLE_ABBR != null">
        #{ROLE_ABBR,jdbcType=VARCHAR},
      </if>
      <if test="ROLE_DESC != null">
        #{ROLE_DESC,jdbcType=VARCHAR},
      </if>
    </trim>
  </insert>
  <select id="countByExample" parameterType="ie.gov.agriculture.agschemes.dao.VWCO_AGSCH_BUSINESS_CUSTOMERSExample" resultType="java.lang.Long">
    <!--
      WARNING - @mbg.generated
      This element is automatically generated by MyBatis Generator, do not modify.
      This element was generated on Fri Mar 19 16:23:34 GMT 2021.
    -->
    select count(*) from VWCO_AGSCH_BUSINESS_CUSTOMERS
    <if test="_parameter != null">
      <include refid="Example_Where_Clause" />
    </if>
  </select>
  <update id="updateByExampleSelective" parameterType="map">
    <!--
      WARNING - @mbg.generated
      This element is automatically generated by MyBatis Generator, do not modify.
      This element was generated on Fri Mar 19 16:23:34 GMT 2021.
    -->
    update VWCO_AGSCH_BUSINESS_CUSTOMERS
    <set>
      <if test="record.BUSINESS_ID != null">
        BUSINESS_ID = #{record.BUSINESS_ID,jdbcType=VARCHAR},
      </if>
      <if test="record.CUSTOMER_ID != null">
        CUSTOMER_ID = #{record.CUSTOMER_ID,jdbcType=DECIMAL},
      </if>
      <if test="record.START_DATE != null">
        START_DATE = #{record.START_DATE,jdbcType=TIMESTAMP},
      </if>
      <if test="record.END_DATE != null">
        END_DATE = #{record.END_DATE,jdbcType=TIMESTAMP},
      </if>
      <if test="record.ADDRESS_LINE1 != null">
        ADDRESS_LINE1 = #{record.ADDRESS_LINE1,jdbcType=VARCHAR},
      </if>
      <if test="record.ADDRESS_LINE2 != null">
        ADDRESS_LINE2 = #{record.ADDRESS_LINE2,jdbcType=VARCHAR},
      </if>
      <if test="record.ADDRESS_LINE3 != null">
        ADDRESS_LINE3 = #{record.ADDRESS_LINE3,jdbcType=VARCHAR},
      </if>
      <if test="record.ADDRESS_LINE4 != null">
        ADDRESS_LINE4 = #{record.ADDRESS_LINE4,jdbcType=VARCHAR},
      </if>
      <if test="record.POSTAL_CODE != null">
        POSTAL_CODE = #{record.POSTAL_CODE,jdbcType=VARCHAR},
      </if>
      <if test="record.ROLE_ABBR != null">
        ROLE_ABBR = #{record.ROLE_ABBR,jdbcType=VARCHAR},
      </if>
      <if test="record.ROLE_DESC != null">
        ROLE_DESC = #{record.ROLE_DESC,jdbcType=VARCHAR},
      </if>
    </set>
    <if test="_parameter != null">
      <include refid="Update_By_Example_Where_Clause" />
    </if>
  </update>
  <update id="updateByExample" parameterType="map">
    <!--
      WARNING - @mbg.generated
      This element is automatically generated by MyBatis Generator, do not modify.
      This element was generated on Fri Mar 19 16:23:34 GMT 2021.
    -->
    update VWCO_AGSCH_BUSINESS_CUSTOMERS
    set BUSINESS_ID = #{record.BUSINESS_ID,jdbcType=VARCHAR},
      CUSTOMER_ID = #{record.CUSTOMER_ID,jdbcType=DECIMAL},
      START_DATE = #{record.START_DATE,jdbcType=TIMESTAMP},
      END_DATE = #{record.END_DATE,jdbcType=TIMESTAMP},
      ADDRESS_LINE1 = #{record.ADDRESS_LINE1,jdbcType=VARCHAR},
      ADDRESS_LINE2 = #{record.ADDRESS_LINE2,jdbcType=VARCHAR},
      ADDRESS_LINE3 = #{record.ADDRESS_LINE3,jdbcType=VARCHAR},
      ADDRESS_LINE4 = #{record.ADDRESS_LINE4,jdbcType=VARCHAR},
      POSTAL_CODE = #{record.POSTAL_CODE,jdbcType=VARCHAR},
      ROLE_ABBR = #{record.ROLE_ABBR,jdbcType=VARCHAR},
      ROLE_DESC = #{record.ROLE_DESC,jdbcType=VARCHAR}
    <if test="_parameter != null">
      <include refid="Update_By_Example_Where_Clause" />
    </if>
  </update>
</mapper>