<?xml version="1.0" encoding="UTF-8"?>
<!DOCTYPE generatorConfiguration
        PUBLIC "-//mybatis.org//DTD MyBatis Generator Configuration 1.0//EN"
        "http://mybatis.org/dtd/mybatis-generator-config_1_0.dtd">
<!--Generator  configs for AgScheme-->
<generatorConfiguration>
  <classPathEntry
    location="C:/Users/faran.khan/.m2/repository/com/oracle/weblogic/ojdbc7/12.1.3-0-0/ojdbc7-12.1.3-0-0.jar"/>

  <context id="AgSchemeOracleTables" targetRuntime="MyBatis3">
    <jdbcConnection
      connectionURL="jdbc:oracle:thin:@//sdbahpocm01-db.agriculture.gov.ie:1532/CENTEST.agriculture.gov.ie"
      driverClass="oracle.jdbc.driver.OracleDriver"
      password="agsch_data" userId="agsch_data">
    </jdbcConnection>

    <javaTypeResolver>
      <property name="forceBigDecimals" value="false"/>
    </javaTypeResolver>

    <javaModelGenerator targetPackage="ie.gov.agriculture.agschemes.dao"
      targetProject="src/test/java">
      <property name="enableSubPackages" value="false"/>
    </javaModelGenerator>

    <sqlMapGenerator targetPackage="."
      targetProject="resources/XmlMappers">
      <property name="enableSubPackages" value="false"/>
    </sqlMapGenerator>

    <javaClientGenerator targetPackage="ie.gov.agriculture.agschemes.dao"
      targetProject="src/test/java"
      type="XMLMAPPER">
      <property name="enableSubPackages" value="false"/>
    </javaClientGenerator>

    <table domainObjectName="TSAS_APPLICATIONS_TYPE"
           tableName="TSAS_APPLICATIONS_TYPE">
      <property name="useActualColumnNames" value="true"/>
    </table>

  </context>
</generatorConfiguration>
